both_epoch_error_double_descent_and_grokking,delayed_generalization,epoch_error_double_descent,final_heldout_EOS_accuracy,final_heldout_accuracy,final_heldout_answer_accuracy,final_heldout_examples,final_heldout_loss,final_train_EOS_accuracy,final_train_accuracy,final_train_answer_accuracy,final_train_examples,final_train_loss,heldout_onset_step,heldout_target_confirmed_training_seconds,heldout_target_confirmed_wall_seconds,heldout_target_observation_fraction,heldout_target_onset_training_seconds,heldout_target_onset_wall_seconds,lag_after_sustained_train_fit,lag_steps,layers,model,optimizer,parameters,plateau_then_generalization,seed,steps,sustained_train_fit_step,train_fit_step,training_seconds,width
False,True,False,1.0,1.0,1.0,4656,0.0001730895009135053,1.0,1.0,1.0,4656,6.821503721920075e-05,34750,386.23779444796673,393.51703412199276,0.9674620390455532,383.48173281596974,390.71846677600115,34000,34000,2,reference,adamw,455424,True,1,150000,750,750,1648.232061338902,128
False,True,False,1.0,1.0,1.0,4656,4.72407550206952e-07,1.0,1.0,1.0,4656,4.217385377313244e-07,38000,419.1062593519018,425.84295243400265,0.9732142857142857,416.4039922679076,423.098079221003,37250,37250,2,reference,adamw,455424,True,2,150000,750,750,1646.318487792756,128
False,True,False,1.0,1.0,1.0,4656,0.0003575562176221015,1.0,1.0,1.0,4656,0.00022123280042123138,62500,690.3024963180069,701.1687856890057,0.9771428571428571,687.4698047500133,698.2938718860096,61500,61500,2,reference,adamw,455424,True,3,150000,1000,1000,1650.7843961579638,128
True,True,True,1.0,1.0,1.0,4656,3.575510233822195e-08,1.0,1.0,1.0,4656,3.23114491069977e-08,49750,504.4384370560292,514.1060905019986,0.972568578553616,501.91926128501655,511.5395043669996,39500,39500,2,gptmini,adamw,423816,True,1,150000,10250,10250,1514.4372597299516,128
False,True,False,1.0,1.0,1.0,4656,9.583339734299787e-08,1.0,1.0,1.0,4656,7.368648797968728e-08,1250,15.130575454997597,15.443597000994487,0.9798319327731092,12.606552452998585,12.871922717997222,250,250,2,gptmini,adamw,423816,False,2,150000,1000,1000,1515.0170422389929,128
False,True,False,1.0,0.9957044673539519,0.9957044673539519,4656,0.0077831421521111456,1.0,0.9987113402061856,0.9987113402061856,4656,0.002435041917968042,1000,12.63557281201065,12.900271543010604,0.9731543624161074,10.113953794018016,10.331125911005074,500,500,2,gptmini,adamw,423816,False,3,150000,500,500,1518.5401978489099,128
False,True,True,1.0,1.0,1.0,4656,0.009265521547638673,1.0,1.0,1.0,4656,0.006726111384601528,21000,229.61586955210078,233.7083103680052,0.9011627906976745,226.9213520080957,230.9663877589919,18000,18000,2,gptmini,amsgradw,423816,False,1,150000,3000,3000,1620.2094390042766,128
False,True,True,1.0,0.9753006872852233,0.9753006872852233,4656,0.03701562897855883,1.0,1.0,1.0,4656,0.005153070456793218,40500,440.23080286671757,448.0860681080085,0.3744292237442922,437.5226084597234,445.3302642290073,35500,35500,2,gptmini,amsgradw,423816,False,2,150000,5000,5000,1620.381403074629,128
False,True,True,1.0,1.0,1.0,4656,0.006271227016481747,1.0,1.0,1.0,4656,0.005619966799450904,41750,453.83202581695514,461.9211151479976,0.9330254041570438,451.1245594629436,459.1662452519813,34250,34250,2,gptmini,amsgradw,423816,False,3,150000,7500,7500,1620.3705825640645,128
