attention,method,lr,successful_seeds,expected_seeds,complete,test_loss_mean,test_loss_std,test_ppl,validation_loss_mean,train_seconds_mean,optimizer_ms_mean,peak_memory_mib,guard_acceptance_mean
softmax,adamw,0.001,3,3,True,1.7601256226380118,0.013410071906957708,5.8131676139864465,1.6664583576259329,8.246693604036409,1.006702026506265,144.9111328125,
softmax,adam,0.0003,3,3,True,1.7643641673692834,0.009493388867529245,5.837859276340393,1.679258548752631,7.93383562499245,0.6172934932907422,144.9111328125,
softmax,amsgrad,0.0003,3,3,True,1.7644461081760667,0.009629407185374578,5.838337654838476,1.6795032032595436,8.152104477948646,0.7515280422767003,144.9111328125,
softmax,muon,0.03,3,3,True,1.7680337981068217,0.009319608369819701,5.859321419167346,1.6589285393943742,12.64077072011302,5.248782658735911,141.9111328125,
softmax,adamnc,0.01,3,3,True,1.7986839577652602,0.007117454844469501,6.041691109442426,1.709946595522986,7.916297653966467,0.6256506986667713,144.9111328125,
softmax,dash_cn,0.001,3,3,True,1.804014875293006,0.011209756090465,6.073984867677083,1.7139032526669538,35.63855295968824,28.117824167251587,146.33203125,
softmax,dash_evd,0.001,3,3,True,1.8040344962387582,0.011192527599660808,6.074104046173865,1.7139146047855673,26.477279572951375,18.981853136698405,232.76171875,
softmax,dash_chebyshev,0.001,3,3,True,1.804087986674201,0.011143208140202735,6.0744289613340685,1.7139324972194316,67.00952349899065,59.29093408203125,146.33203125,
softmax,dash_ndb,0.001,3,3,True,1.8074611075481966,0.0037953498647995726,6.094953340606789,1.7219434957872894,37.826938747359236,30.262942359288534,146.33203125,
softmax,muon_guarded,0.1,3,3,True,1.8597490125992633,0.0061932169277009695,6.422124696747536,1.802900966172742,13.527835336020265,6.171718441486359,141.9111328125,0.0
softmax,sgd,0.1,3,3,True,1.8597490125992633,0.0061932169277009695,6.422124696747536,1.802900966172742,7.655232420056564,0.19927353665729364,144.9111328125,
softmax,dash_ndb_guarded,0.1,3,3,True,1.8597490125992633,0.0061932169277009695,6.422124696747536,1.802900966172742,38.300396302656736,30.82297575124105,146.33203125,0.0
softmax,adafisher,0.001,3,3,True,1.8862522853730148,0.006201477273343743,6.5946076039227,1.836312960811926,11.878968174634792,3.378692886352539,141.87255859375,
softmax,adafisherw,0.001,3,3,True,1.8868364289579747,0.008589374270670557,6.598460926987263,1.838275335686352,11.881847568625139,3.5760758957068126,141.87255859375,
softmax,adagrad,0.03,3,3,True,1.9158620677412217,0.028372592002384265,6.792792120616089,1.8559235822091467,8.287877062338035,0.7986524489323298,144.9111328125,
softmax,adamx,0.003,3,3,True,1.9879169077240002,0.018241693088149345,7.30031069146988,1.9498207860188241,8.192439848623811,0.8717134093542893,144.9111328125,
softmax,amsgrad_geometric,0.003,3,3,True,1.991933081736749,0.0192866020728916,7.3296889641932435,1.9635190091459769,8.023169234686065,0.7387591889202595,144.9111328125,
softmax,amsgrad_inverse,0.003,3,3,True,2.183943283133611,0.07320103079446964,8.881258617217613,2.158584518812189,7.862725419242149,0.643223946561416,144.9111328125,
sparsemax,adamw,0.001,3,3,True,1.7899338101410016,0.006315197904298488,5.989056038488783,1.6848473415674035,9.632265195653114,0.8992252163092295,145.42919921875,
sparsemax,adam,0.0003,3,3,True,1.7913703436692738,0.014844943239603605,5.997665700844499,1.7078522931466464,9.308426186707948,0.5230068054050208,145.42919921875,
sparsemax,muon,0.03,3,3,True,1.7927126499413988,0.005292274824850863,6.005721810806701,1.6898527382618158,13.96147242865239,5.25945296382904,142.42919921875,
sparsemax,amsgrad,0.0003,3,3,True,1.8011836195375288,0.0036921303406480025,6.0568121846619665,1.7191291047018513,9.412508903238631,0.6406055789887906,145.42919921875,
sparsemax,adamnc,0.01,3,3,True,1.8142543928494546,0.0008128640917704502,6.13649905371513,1.7227603811620982,9.208191696712069,0.47597034662961957,145.42919921875,
sparsemax,dash_evd,0.001,3,3,True,1.8317463725542957,0.008514833681948651,6.244782858734967,1.7464782738202018,27.203437720688573,18.417878264109294,232.76171875,
sparsemax,dash_chebyshev,0.001,3,3,True,1.8334524605039706,0.004889146353121924,6.255446101146792,1.7483267070596538,67.14040299103605,58.10887374242147,147.33984375,
sparsemax,dash_cn,0.001,3,3,True,1.83430097297467,0.005461286867686764,6.2607561776878935,1.7477230826785544,36.85943973697067,27.919441683451335,147.33984375,
sparsemax,dash_ndb,0.001,3,3,True,1.8365343971996986,0.011485922525952949,6.274754728734705,1.752871945859644,39.387238954931185,30.35533247566223,147.33984375,
sparsemax,adagrad,0.03,3,3,True,1.8789661406010811,0.014054171622052119,6.546732960793653,1.7969554458775832,9.230698011320783,0.5105007682790359,145.42919921875,
sparsemax,dash_ndb_guarded,0.3,3,3,True,1.9057869456802525,0.08004046277636566,6.724697517596403,1.8319995294710343,39.4364925199734,30.51279302787781,147.33984375,0.0
sparsemax,sgd,0.3,3,3,True,1.9057869456802525,0.08004046277636566,6.724697517596403,1.8319995294710343,8.962914411966873,0.14277116921295724,145.42919921875,
sparsemax,muon_guarded,0.3,3,3,True,1.9057869456802525,0.08004046277636566,6.724697517596403,1.8319995294710343,14.936256821982775,6.079767949422201,142.42919921875,0.0
sparsemax,adafisher,0.001,3,3,True,1.9340345672478951,0.025562976577433408,6.917362582245656,1.878337102423579,13.002991978647819,3.2775333247184752,142.390625,
sparsemax,adafisherw,0.001,3,3,True,1.9379199349556306,0.022018102834749094,6.94429135966994,1.879381123603736,13.122224175013494,3.4407218883037567,142.390625,
sparsemax,amsgrad_geometric,0.003,3,3,True,1.9796835851541572,0.012885984708042805,7.240451636283401,1.9336243493320657,9.184401224651083,0.5040146560768286,145.42919921875,
sparsemax,adamx,0.003,3,3,True,1.9820750514255645,0.002259361015672881,7.25778765314892,1.9410895585922552,9.60747608830934,0.7707757649123669,145.42919921875,
sparsemax,amsgrad_inverse,0.003,3,3,True,2.1072340278026935,0.017807009266532402,8.225458401492599,2.087227390317045,9.442084479608942,0.6608167681892713,145.42919921875,
