score,scope,start,stop,stop_inclusive,nominal_width_window,observations,expected_observations,complete_window,failed_observations,failure_fraction,new_episode_onsets,episode_onsets_per_10000_updates
joint,leading_partial_width,95750,100000,False,False,17,17,True,0,0.0,0,
joint,fixed_post_onset,100000,110000,False,True,40,40,True,3,0.075,2,2.0
joint,fixed_post_onset,110000,120000,False,True,40,40,True,5,0.125,1,1.0
joint,fixed_post_onset,120000,130000,False,True,40,40,True,0,0.0,0,0.0
joint,fixed_post_onset,130000,140000,False,True,40,40,True,0,0.0,0,0.0
joint,fixed_post_onset,140000,150000,False,True,40,40,True,0,0.0,0,0.0
joint,fixed_post_onset,150000,160000,False,True,40,40,True,1,0.025,1,1.0
joint,fixed_post_onset,160000,170000,False,True,40,40,True,0,0.0,0,0.0
joint,fixed_post_onset,170000,180000,False,True,40,40,True,0,0.0,0,0.0
joint,fixed_post_onset,180000,190000,False,True,40,40,True,0,0.0,0,0.0
joint,fixed_post_onset,190000,200000,False,True,40,40,True,0,0.0,0,0.0
joint,fixed_post_onset,200000,210000,False,True,40,40,True,0,0.0,0,0.0
joint,fixed_post_onset,210000,220000,False,True,40,40,True,0,0.0,0,0.0
joint,fixed_post_onset,220000,230000,False,True,40,40,True,0,0.0,0,0.0
joint,fixed_post_onset,230000,240000,False,True,40,40,True,0,0.0,0,0.0
joint,fixed_post_onset,240000,250000,False,True,40,40,True,0,0.0,0,0.0
joint,fixed_post_onset,250000,260000,False,True,40,40,True,0,0.0,0,0.0
joint,fixed_post_onset,260000,270000,False,True,40,40,True,0,0.0,0,0.0
joint,fixed_post_onset,270000,280000,False,True,40,40,True,2,0.05,2,2.0
joint,fixed_post_onset,280000,290000,False,True,40,40,True,0,0.0,0,0.0
joint,fixed_post_onset,290000,300000,True,True,41,41,True,0,0.0,0,0.0
heldout,leading_partial_width,95750,100000,False,False,17,17,True,0,0.0,0,
heldout,fixed_post_onset,100000,110000,False,True,40,40,True,3,0.075,2,2.0
heldout,fixed_post_onset,110000,120000,False,True,40,40,True,5,0.125,1,1.0
heldout,fixed_post_onset,120000,130000,False,True,40,40,True,0,0.0,0,0.0
heldout,fixed_post_onset,130000,140000,False,True,40,40,True,0,0.0,0,0.0
heldout,fixed_post_onset,140000,150000,False,True,40,40,True,0,0.0,0,0.0
heldout,fixed_post_onset,150000,160000,False,True,40,40,True,1,0.025,1,1.0
heldout,fixed_post_onset,160000,170000,False,True,40,40,True,0,0.0,0,0.0
heldout,fixed_post_onset,170000,180000,False,True,40,40,True,0,0.0,0,0.0
heldout,fixed_post_onset,180000,190000,False,True,40,40,True,0,0.0,0,0.0
heldout,fixed_post_onset,190000,200000,False,True,40,40,True,0,0.0,0,0.0
heldout,fixed_post_onset,200000,210000,False,True,40,40,True,0,0.0,0,0.0
heldout,fixed_post_onset,210000,220000,False,True,40,40,True,0,0.0,0,0.0
heldout,fixed_post_onset,220000,230000,False,True,40,40,True,0,0.0,0,0.0
heldout,fixed_post_onset,230000,240000,False,True,40,40,True,0,0.0,0,0.0
heldout,fixed_post_onset,240000,250000,False,True,40,40,True,0,0.0,0,0.0
heldout,fixed_post_onset,250000,260000,False,True,40,40,True,0,0.0,0,0.0
heldout,fixed_post_onset,260000,270000,False,True,40,40,True,0,0.0,0,0.0
heldout,fixed_post_onset,270000,280000,False,True,40,40,True,2,0.05,2,2.0
heldout,fixed_post_onset,280000,290000,False,True,40,40,True,0,0.0,0,0.0
heldout,fixed_post_onset,290000,300000,True,True,41,41,True,0,0.0,0,0.0
