complete_window,episode_onsets_per_10000_updates,expected_observations,failed_observations,failure_fraction,name,new_episode_onsets,observations,scope,score,start,stop,stop_inclusive
True,,3,3,1.0,seed-4-data-2,,3,fixed_tail,joint,10,20,True
True,,3,3,1.0,seed-4-data-2,,3,fixed_tail,heldout,10,20,True
True,,3,3,1.0,seed-5-data-2,,3,fixed_tail,joint,10,20,True
True,,3,3,1.0,seed-5-data-2,,3,fixed_tail,heldout,10,20,True
True,,3,3,1.0,seed-6-data-2,,3,fixed_tail,joint,10,20,True
True,,3,3,1.0,seed-6-data-2,,3,fixed_tail,heldout,10,20,True
True,,3,3,1.0,seed-4-data-3,,3,fixed_tail,joint,10,20,True
True,,3,3,1.0,seed-4-data-3,,3,fixed_tail,heldout,10,20,True
True,,3,3,1.0,seed-5-data-3,,3,fixed_tail,joint,10,20,True
True,,3,3,1.0,seed-5-data-3,,3,fixed_tail,heldout,10,20,True
True,,3,3,1.0,seed-6-data-3,,3,fixed_tail,joint,10,20,True
True,,3,3,1.0,seed-6-data-3,,3,fixed_tail,heldout,10,20,True
