EOS_loss,answer_loss,batch_size,epoch_tail,epoch_wraps_in_batch,exp_avg_l2,exp_avg_sq_l2,gradient_l2,joint_relative_update,learning_rate,parameter_before_l2,parameter_l2,step,temperature_max,temperature_min,update_l2
5.132163047790527,5.120945930480957,4,False,0,1.998908332445668,0.22183328722190918,19.989079784649096,0.0,0.0,13.748011487347657,13.748011487347657,1,5.656854152679443,5.656854152679443,0.0
4.817151069641113,5.114926338195801,4,False,0,4.210650485519982,0.5077116039418141,18.56154328720272,0.002636093307845556,8.999999999999999e-05,13.74791243327864,13.747883475985315,4,5.657454967498779,5.655910491943359,0.03624077996221254
4.536031723022461,4.9017014503479,4,False,0,4.5505328956493,0.591941701312987,18.465450267310946,0.0032486032815377684,0.00011999999999999999,13.747883475985315,13.747885251768146,5,5.657599449157715,5.655237197875977,0.04466141937428476
4.3840413093566895,4.865562915802002,1,True,0,5.611192740830973,1.1744445798112448,37.81409951839906,0.0037435541472648198,0.00015,13.747885251768146,13.74800751140044,6,5.6577067375183105,5.654446601867676,0.05146595285037749
3.5953381061553955,4.394652366638184,4,False,0,5.389314671993525,1.2349785609194541,12.606230045868696,0.0052277073364455145,0.00023999999999999998,13.748910614181435,13.749859220144014,9,5.658022403717041,5.6519904136657715,0.07187528088588989
3.4182262420654297,4.513496398925781,4,False,0,5.333878781350909,1.2768105259235214,13.108923871861265,0.005605994143319725,0.00027,13.749859220144014,13.751265355460244,10,5.658492565155029,5.650792598724365,0.07708163025959806
3.2235748767852783,4.289295196533203,4,False,0,5.240791756198425,1.308870569465171,12.149203978701328,0.0059821318969720885,0.0003,13.751265355460244,13.753110907178012,11,5.659019470214844,5.649288654327393,0.08226188310662595
2.805189847946167,3.9801111221313477,4,False,0,5.105986640644248,1.4547488106065427,11.297626443166644,0.005240753836821742,0.0003,13.757383994694036,13.759804623935292,14,5.660667896270752,5.644655704498291,0.0720990629548228
2.7209060192108154,4.097070693969727,4,False,0,5.0063954376316655,1.4801208143999256,8.93657767070352,0.004999603664143917,0.0003,13.759804623935292,13.762372398059828,15,5.661099433898926,5.643181324005127,0.0687935696157313
2.643761157989502,3.762650489807129,4,False,0,4.965292677585029,1.503303826087976,8.984402858651077,0.004818080440388256,0.0003,13.762372398059828,13.765063558487673,16,5.661487102508545,5.641717910766602,0.06630821726443127
2.423387289047241,3.2344789505004883,4,False,0,4.94404602528416,1.5908975681527318,7.869891249126879,0.004352259026458842,0.0003,13.770638573712262,13.773513535260745,19,5.662605285644531,5.637392997741699,0.0599333860325415
2.368701934814453,4.05510139465332,4,False,0,4.92139776965733,1.612611933946951,7.784963232026525,0.004225950745679093,0.0003,13.773513535260745,13.776440560217196,20,5.662858963012695,5.636129856109619,0.05820618979495623
