epochs_seen,heldout_EOS_accuracy,heldout_EOS_loss,heldout_accuracy,heldout_answer_accuracy,heldout_answer_loss,heldout_examples,heldout_loss,last_batch_size,step,train_EOS_accuracy,train_EOS_loss,train_accuracy,train_answer_accuracy,train_answer_loss,train_examples,train_loss,training_seconds,wall_seconds
0.19047619047619047,0.0,5.013815743582589,0.0,0.0,4.901990254720052,21,4.957903180803571,4,1,0.0,5.017028081984747,0.0,0.0,4.843657720656622,21,4.930342901320684,0.011699474998749793,0.03364495599817019
0.7619047619047619,0.0,4.5229949951171875,0.0,0.0,4.777154831659226,21,4.650074913388207,4,4,0.0,4.492682684035528,0.0,0.0,4.646185738699777,21,4.569434756324405,0.038441038981545717,0.07097143499413505
1.0,0.5714285714285714,3.943709237234933,0.0,0.0,4.652967543829055,21,4.298338753836496,1,6,0.6666666666666666,3.902527582077753,0.0,0.09523809523809523,4.480794270833333,21,4.191661289760044,0.05482956899504643,0.1081396230001701
1.5714285714285714,1.0,3.1850774855840776,0.0,0.0,4.522219703311012,21,3.8536489577520463,4,9,1.0,3.1503292265392484,0.14285714285714285,0.14285714285714285,4.287061782110305,21,3.718695867629278,0.08108965799328871,0.14456317000440322
1.9523809523809523,1.0,2.7921142578125,0.0,0.0,4.419393993559337,21,3.6057543073381697,4,11,1.0,2.7737408592587425,0.0,0.0,4.157645452590216,21,3.465693155924479,0.09840972599340603,0.18344405399693642
2.380952380952381,1.0,2.473579770042783,0.0,0.0,4.322475251697359,21,3.3980276925223216,4,14,1.0,2.462714059012277,0.0,0.0,4.024988446916852,21,3.2438514346168157,0.12313083201297559,0.21841247800330166
2.761904761904762,1.0,2.3266848609561013,0.0,0.0,4.261782328287761,21,3.2942337762741816,4,16,1.0,2.3182574680873325,0.0,0.0,3.930527823311942,21,3.1243929181780135,0.1407956080074655,0.256815856002504
3.1904761904761907,1.0,2.1418467930385043,0.047619047619047616,0.047619047619047616,4.185316176641555,21,3.1635814848400297,4,19,1.0,2.134252275739397,0.2857142857142857,0.2857142857142857,3.7937440418061756,21,2.9639981587727866,0.16549023101106286,0.292329122996307
3.5714285714285716,1.0,2.03527341570173,0.047619047619047616,0.047619047619047616,4.138346354166667,21,3.0868097941080728,4,21,1.0,2.027854556129092,0.2857142857142857,0.2857142857142857,3.710423060825893,21,2.8691389901297435,0.18266714402125217,0.33016281499294564
4.0,1.0,1.8894195556640625,0.047619047619047616,0.047619047619047616,4.049134390694754,21,2.9692769731794084,1,24,1.0,1.8824944269089472,0.2857142857142857,0.2857142857142857,3.5837689354306175,21,2.733131590343657,0.2070781250076834,0.36532815999817103
4.380952380952381,1.0,1.7991605486188615,0.047619047619047616,0.047619047619047616,4.010375249953497,21,2.90476808093843,4,26,1.0,1.7925629388718378,0.3333333333333333,0.3333333333333333,3.5082869756789434,21,2.650425138927641,0.22445458799484186,0.4032375310052885
4.9523809523809526,1.0,1.6696339561825706,0.047619047619047616,0.047619047619047616,3.925932384672619,21,2.7977828979492188,4,29,1.0,1.6640935625348772,0.23809523809523808,0.23809523809523808,3.392764136904762,21,2.528428758893694,0.25032761998591013,0.4395434199977899
5.190476190476191,1.0,1.5871018909272694,0.047619047619047616,0.047619047619047616,3.8199960617792037,21,2.703549339657738,4,31,1.0,1.5820535932268416,0.23809523809523808,0.23809523809523808,3.3001171293712797,21,2.441085452125186,0.26628050400177017,0.4759037189942319
5.761904761904762,1.0,1.4673216683523995,0.047619047619047616,0.047619047619047616,3.7305323282877603,21,2.5989269074939547,4,34,1.0,1.463064920334589,0.23809523809523808,0.23809523809523808,3.185696556454613,21,2.3243809654599143,0.29240532201947644,0.5123526829993352
6.0,1.0,1.3904910314650762,0.047619047619047616,0.047619047619047616,3.673396519252232,21,2.531943911597842,1,36,1.0,1.3865665254138766,0.3333333333333333,0.3333333333333333,3.1062375023251487,21,2.2464021955217635,0.30865237502439413,0.5492305749939987
6.571428571428571,1.0,1.2812231154668898,0.14285714285714285,0.14285714285714285,3.5807001023065474,21,2.4309616088867188,4,39,1.0,1.2776283082507907,0.5238095238095238,0.5238095238095238,3.0076106843494235,21,2.1426195417131697,0.33449337401543744,0.5853605260053882
