batch_size,epoch_tail,gradient_l2,learning_rate,step
4,False,18.830276489257812,0.0,1
4,False,20.334259033203125,2.9999999999999997e-05,2
4,False,18.926889419555664,5.9999999999999995e-05,3
4,False,17.193471908569336,8.999999999999999e-05,4
4,False,20.24257469177246,0.00011999999999999999,5
1,True,38.103633880615234,0.00015,6
4,False,12.627334594726562,0.00017999999999999998,7
4,False,14.483613967895508,0.00020999999999999998,8
4,False,12.797659873962402,0.00023999999999999998,9
4,False,10.904879570007324,0.00027,10
4,False,14.568284034729004,0.0003,11
1,True,20.8426513671875,0.0003,12
4,False,9.602886199951172,0.0003,13
4,False,9.091586112976074,0.0003,14
4,False,8.751030921936035,0.0003,15
4,False,8.997117042541504,0.0003,16
4,False,7.919985294342041,0.0003,17
1,True,23.94533348083496,0.0003,18
4,False,7.509379863739014,0.0003,19
4,False,7.091792106628418,0.0003,20
4,False,7.315166473388672,0.0003,21
4,False,7.498763084411621,0.0002933926296998457,22
4,False,6.685615539550781,0.00027421729424061787,23
1,True,11.534173011779785,0.00024435100905948387,24
4,False,6.371892929077148,0.00020671729424061788,25
4,False,6.509650707244873,0.000165,26
4,False,6.361767292022705,0.00012328270575938212,27
4,False,6.158730506896973,8.564899094051614e-05,28
4,False,6.927998065948486,5.578270575938211e-05,29
1,True,9.627169609069824,3.660737030015427e-05,30
4,False,6.702543258666992,2.9999999999999997e-05,31
4,False,6.583637237548828,2.9999999999999997e-05,32
4,False,6.462784290313721,2.9999999999999997e-05,33
4,False,6.720551490783691,2.9999999999999997e-05,34
4,False,6.103880405426025,2.9999999999999997e-05,35
1,True,10.236719131469727,2.9999999999999997e-05,36
4,False,6.590723991394043,2.9999999999999997e-05,37
4,False,6.186110496520996,2.9999999999999997e-05,38
4,False,6.147132396697998,2.9999999999999997e-05,39
4,False,6.157376766204834,2.9999999999999997e-05,40
