complete_budget,control_to_candidate_training_time_ratio,control_to_candidate_wall_time_ratio,diagnostic_seconds,eligible_pair_support,eligible_target_training_seconds,eligible_target_wall_seconds,eligible_timing_support,epochs_seen,final_heldout_EOS_loss,final_heldout_accuracy,final_heldout_accuracy_difference,final_heldout_answer_loss,final_train_accuracy,name,observed_target_training_seconds,observed_target_wall_seconds,pair,parameters,peak_cuda_allocated_bytes,peak_cuda_reserved_bytes,persistent_final_performance,phase_label,role,stable_grokking,tail_failures,training_seconds,wall_seconds
True,,,0.050029555917717516,0,,,0,6.761904761904762,1.9024839855375744,0.047619047619047616,0.0,3.9269307454427085,0.3333333333333333,seed-7-data-4-softmax,,,seed-7-data-4,412296,,,False,does_not_meet_complete_persistent_target,control,False,3,0.35007990413578227,0.624468774010893
True,,,0.05062856510630809,0,,,0,6.761904761904762,2.015644981747582,0.047619047619047616,0.0,3.996632530575707,0.23809523809523808,seed-7-data-4-sparsemax,,,seed-7-data-4,412296,,,False,does_not_meet_complete_persistent_target,candidate,False,3,0.3769787438795902,0.6787524480023421
True,,,0.050381039021885954,0,,,0,6.761904761904762,2.134014129638672,0.19047619047619047,0.14285714285714285,3.702143351236979,0.23809523809523808,seed-8-data-4-softmax,,,seed-8-data-4,412296,,,False,does_not_meet_complete_persistent_target,control,False,3,0.3487694259820273,0.6226492310088361
True,,,0.04930109705310315,0,,,0,6.761904761904762,2.229129609607515,0.3333333333333333,0.14285714285714285,3.6922029767717635,0.23809523809523808,seed-8-data-4-sparsemax,,,seed-8-data-4,412296,,,False,does_not_meet_complete_persistent_target,candidate,False,3,0.3719814619689714,0.6663425820006523
True,,,0.05041208703187294,0,,,0,6.761904761904762,1.8994222368512834,0.047619047619047616,0.0,3.949433099655878,0.38095238095238093,seed-9-data-4-softmax,,,seed-9-data-4,412296,,,False,does_not_meet_complete_persistent_target,control,False,3,0.35083689201564994,0.6265730790037196
True,,,0.051826212991727516,0,,,0,6.761904761904762,1.9919044857933408,0.047619047619047616,0.0,3.9713948567708335,0.2857142857142857,seed-9-data-4-sparsemax,,,seed-9-data-4,412296,,,False,does_not_meet_complete_persistent_target,candidate,False,3,0.3904160480160499,0.6922035829920787
True,,,0.050297982976189815,0,,,0,6.761904761904762,2.0811693100702193,0.09523809523809523,0.0,4.356473286946614,0.47619047619047616,seed-7-data-5-softmax,,,seed-7-data-5,412296,,,False,does_not_meet_complete_persistent_target,control,False,3,0.34945862405584194,0.6234803660045145
True,,,0.05052701901877299,0,,,0,6.761904761904762,2.4264217558361234,0.09523809523809523,0.0,4.346308026994977,0.6190476190476191,seed-7-data-5-sparsemax,,,seed-7-data-5,412296,,,False,does_not_meet_complete_persistent_target,candidate,False,3,0.3762461309961509,0.6719206540001323
True,,,0.04942927589581814,0,,,0,6.761904761904762,2.2190709795270647,0.09523809523809523,0.0,4.317007518949962,0.47619047619047616,seed-8-data-5-softmax,,,seed-8-data-5,412296,,,False,does_not_meet_complete_persistent_target,control,False,3,0.3462125281075714,0.6175655310071306
True,,,0.05038119292294141,0,,,0,6.761904761904762,2.3460533505394343,0.09523809523809523,0.0,4.3089922950381325,0.47619047619047616,seed-8-data-5-sparsemax,,,seed-8-data-5,412296,,,False,does_not_meet_complete_persistent_target,candidate,False,3,0.3727787150419317,0.6675177240103949
True,,,0.05011694296263158,0,,,0,6.761904761904762,1.9241185869489397,0.047619047619047616,0.0,4.279342288062686,0.5238095238095238,seed-9-data-5-softmax,,,seed-9-data-5,412296,,,False,does_not_meet_complete_persistent_target,control,False,3,0.35196347007877193,0.6273892659955891
True,,,0.05160874301509466,0,,,0,6.761904761904762,2.0328481765020463,0.047619047619047616,0.0,4.427343459356399,0.7142857142857143,seed-9-data-5-sparsemax,,,seed-9-data-5,412296,,,False,does_not_meet_complete_persistent_target,candidate,False,3,0.3824354679964017,0.6812234530079877
