clean_train_fit_step,compression,context_token_error_floor,data_seed,delayed_id_candidate,delayed_transfer_candidate,epoch_error_witness,epoch_loss_witness,epoch_novel_error_witness,has_epoch_error_witness,has_epoch_loss_witness,has_epoch_novel_error_witness,id_generalization_step,id_lag_steps,layers,membership_auc,name,net_gain_bits,noise,noise_fit,noise_targets_changed,novel_validation_accuracy,novel_validation_examples,novel_validation_loss,parameters,peak_cuda_bytes,phase,seed,selected_test_id_accuracy,selected_test_id_loss,source_result,steps,test_id_accuracy,test_id_loss,train_clean_sequence_accuracy,train_examples,train_fit_step,train_loss,train_sequence_accuracy,training_seconds,transfer_lag_steps,transfer_step,variant,wall_seconds,width
100,,0.0,1,False,False,,,,False,False,False,,,2,1.0,suite/mqar/width-64/noise-0/seed-0,,0.0,,0,0.0,32,7.393588066101074,108808,38990848,suite,0,0.0,6.183627128601074,suite/mqar/width-64/noise-0/seed-0/result.json,1000,0.0,7.512757062911987,1.0,128,100,0.005279275821521878,1.0,9.822807121672668,,,mqar,12.153166541000246,64
100,,0.0,1,False,False,,,,False,False,False,,,2,1.0,suite/lookup/width-64/noise-0/seed-0,,0.0,,0,0.0625,32,6.168662071228027,104712,38908928,suite,0,0.015625,5.1170642375946045,suite/lookup/width-64/noise-0/seed-0/result.json,1000,0.015625,6.522467613220215,1.0,128,100,0.006793669541366398,1.0,9.542493976201513,,,lookup,10.391368224998587,64
200,,0.0,1,False,False,,,,False,False,False,200,0,2,0.565673828125,suite/dyck/width-64/noise-0/seed-0,,0.0,,0,0.96875,32,0.015962446108460426,100616,29345280,suite,0,0.9375,0.01385460130404681,suite/dyck/width-64/noise-0/seed-0/result.json,1000,0.953125,0.022252248134464025,1.0,128,200,0.0010998956568073481,1.0,9.51730083001894,,,dyck,10.231556319995434,64
200,,0.0,1,True,False,,,,True,False,True,300,100,2,0.5588727678571429,suite/blocks/width-64/noise-0/seed-0,,0.0,,0,1.0,28,0.000943791786474841,100616,29345280,suite,0,0.921875,0.046593899838626385,suite/blocks/width-64/noise-0/seed-0/result.json,1000,0.921875,0.046593899838626385,1.0,128,200,0.0006877486739540473,1.0,9.386428221128881,,,blocks,10.024227364003309,64
300,,0.0,1,False,False,,,,False,False,False,,,2,1.0,suite/histogram-bos/width-64/noise-0/seed-0,,0.0,,0,0.0,32,4.889810085296631,112968,56194560,suite,0,0.0,4.1538472175598145,suite/histogram-bos/width-64/noise-0/seed-0/result.json,1000,0.0,4.818078279495239,1.0,128,300,0.0025537422043271363,1.0,9.66184704787156,,,histogram-bos,16.117430590005824,64
300,,0.0,1,False,False,,,,False,False,False,,,2,1.0,suite/histogram-no-bos/width-64/noise-0/seed-0,,0.0,,0,0.0,32,5.22851037979126,112968,55187968,suite,0,0.0,4.903863906860352,suite/histogram-no-bos/width-64/noise-0/seed-0/result.json,1000,0.0,5.382284164428711,1.0,128,300,0.0023636845871806145,1.0,9.756175272981636,,,histogram-no-bos,16.114251120990957,64
400,,0.0,1,False,False,,,,False,False,False,,,2,1.0,suite/histogram2/width-64/noise-0/seed-0,,0.0,,0,0.0,32,2.898092269897461,112968,58027520,suite,0,0.0625,2.2512784004211426,suite/histogram2/width-64/noise-0/seed-0/result.json,1000,0.046875,2.9428681135177612,1.0,128,400,0.00199207742116414,1.0,9.619634179180139,,,histogram2,16.620449083988206,64
100,,0.0,1,False,False,,,,True,False,True,,,2,0.91748046875,suite/mode-none/width-64/noise-0/seed-0,,0.0,,0,0.53125,32,1.5584009885787964,104712,30823936,suite,0,0.390625,1.5767800211906433,suite/mode-none/width-64/noise-0/seed-0/result.json,1000,0.390625,1.8501479625701904,1.0,128,100,0.005259264842607081,1.0,10.82422504806891,,,mode-none,12.055247796000913,64
100,,0.0,1,False,False,,,,False,False,False,,,2,1.0,suite/mode-counts/width-64/noise-0/seed-0,,0.0,,0,0.0,32,4.823660850524902,112968,94708224,suite,0,0.0,3.899678587913513,suite/mode-counts/width-64/noise-0/seed-0/result.json,1000,0.0,4.970868110656738,1.0,128,100,0.004876455292105675,1.0,9.711194153234828,,,mode-counts,20.777610650999122,64
200,,0.0,1,False,False,,,,False,False,False,,,2,1.0,suite/mode-itemized/width-64/noise-0/seed-0,,0.0,,0,0.0,32,5.443203926086426,112968,94659072,suite,0,0.0,4.302087068557739,suite/mode-itemized/width-64/noise-0/seed-0/result.json,1000,0.0,5.570981025695801,1.0,128,200,0.005772885633632541,1.0,9.776725795789389,,,mode-itemized,20.029223770994577,64
300,,0.0,1,False,False,,,,False,False,False,,,2,1.0,suite/most_freq/width-64/noise-0/seed-0,,0.0,,0,0.0,32,3.207179546356201,104712,54466560,suite,0,0.0,2.2165842056274414,suite/most_freq/width-64/noise-0/seed-0/result.json,1000,0.015625,2.886763095855713,1.0,128,300,0.006516285357065499,1.0,9.835161127048195,,,most_freq,16.36707919499895,64
100,,0.0,1,False,False,,,,False,False,False,,,2,1.0,suite/copy-repeat/width-64/noise-0/seed-0,,0.0,,0,0.0,32,2.519704818725586,104712,53457408,suite,0,0.0,2.635904312133789,suite/copy-repeat/width-64/noise-0/seed-0/result.json,1000,0.0,2.7210769653320312,1.0,128,100,0.0038133656489662826,1.0,10.043780761901871,,,copy-repeat,16.287021009004093,64
100,,0.0,1,False,False,,,,False,False,False,,,2,1.0,suite/copy-unique/width-64/noise-0/seed-0,,0.0,,0,0.0,32,5.819762229919434,104712,53457408,suite,0,0.0,5.43703556060791,suite/copy-unique/width-64/noise-0/seed-0/result.json,1000,0.0,5.985302448272705,1.0,128,100,0.005416010273620486,1.0,9.949492253712378,,,copy-unique,15.063337077997858,64
200,,0.0,1,False,False,,,,False,False,False,,,2,1.0,suite/reverse-repeat/width-64/noise-0/seed-0,,0.0,,0,0.0,32,2.9149670600891113,104712,53457408,suite,0,0.0,2.1958258152008057,suite/reverse-repeat/width-64/noise-0/seed-0/result.json,1000,0.0,3.095192790031433,1.0,128,200,0.004113237024284899,1.0,9.76404194465431,,,reverse-repeat,15.748248623000109,64
100,,0.0,1,False,False,,,,False,False,False,,,2,1.0,suite/reverse-unique/width-64/noise-0/seed-0,,0.0,,0,0.0,32,7.242568016052246,104712,53457408,suite,0,0.0,6.4853785037994385,suite/reverse-unique/width-64/noise-0/seed-0/result.json,1000,0.0,7.023614168167114,1.0,128,100,0.005872431444004178,1.0,9.83663462282857,,,reverse-unique,14.3846923240053,64
200,,0.0,1,False,False,,,,False,False,False,,,2,1.0,suite/sort-repeat/width-64/noise-0/seed-0,,0.0,,0,0.0,32,2.7590017318725586,104712,53457408,suite,0,0.0,2.880180597305298,suite/sort-repeat/width-64/noise-0/seed-0/result.json,1000,0.0,2.9531137943267822,1.0,128,200,0.0033102453453466296,1.0,9.791125141768134,,,sort-repeat,16.382445790994097,64
100,,0.0,1,False,False,,,,False,False,False,,,2,1.0,suite/sort-unique/width-64/noise-0/seed-0,,0.0,,0,0.0625,32,1.0173304080963135,104712,53457408,suite,0,0.0,0.9152916371822357,suite/sort-unique/width-64/noise-0/seed-0/result.json,1000,0.015625,0.9793237447738647,1.0,128,100,0.003431015007663518,1.0,9.973234136748943,,,sort-unique,15.745617433000007,64
600,,0.0,1,False,False,,,,True,True,True,,,2,0.62451171875,suite/dyck-2/width-64/noise-0/seed-0,,0.0,,0,0.65625,32,0.24734629690647125,100744,29347840,suite,0,0.59375,0.39609692990779877,suite/dyck-2/width-64/noise-0/seed-0/result.json,1000,0.640625,0.47544360160827637,1.0,128,600,0.0009027426276588812,1.0,9.588945457770023,,,dyck-2,10.18823518800491,64
400,,0.0,1,False,False,,,,True,True,True,,,2,0.83251953125,suite/dyck-3/width-64/noise-0/seed-0,,0.0,,0,0.53125,32,0.7982708215713501,100872,29350400,suite,0,0.640625,0.432666152715683,suite/dyck-3/width-64/noise-0/seed-0/result.json,1000,0.65625,0.4809314161539078,1.0,128,400,0.0009551519469823688,1.0,9.916019030060852,,,dyck-3,10.51484005099337,64
200,,0.0,1,False,False,,,,False,False,False,,,2,0.9984879032258065,suite/count/width-64/noise-0/seed-0,,0.0,,0,0.03225806451612903,31,1.2303204690256426,112968,30864384,suite,0,0.140625,0.7943637073040009,suite/count/width-64/noise-0/seed-0/result.json,1000,0.1875,1.038971185684204,1.0,128,200,0.003876580041833222,1.0,9.685280603865976,,,count,14.2833197919972,64
500,,0.0,1,False,False,,,,True,False,True,,,2,1.0,suite/addition-forward-plain-standard/width-64/noise-0/seed-0,,0.0,,0,0.03225806451612903,31,2.6886754189768145,104712,27739136,suite,0,0.0,2.9212433099746704,suite/addition-forward-plain-standard/width-64/noise-0/seed-0/result.json,1000,0.0,2.9493833780288696,1.0,128,500,0.004037776845507324,1.0,9.684751272056019,,,addition-forward-plain-standard,12.811496640992118,64
400,,0.0,1,False,False,,,,False,False,False,,,2,1.0,suite/addition-forward-plain-balanced/width-64/noise-0/seed-0,,0.0,,0,0.0625,32,3.057626247406006,104712,27739136,suite,0,0.015625,3.335034132003784,suite/addition-forward-plain-balanced/width-64/noise-0/seed-0/result.json,1000,0.015625,3.35910701751709,1.0,128,400,0.003892179054673761,1.0,9.767057424600353,,,addition-forward-plain-balanced,13.445644462000928,64
200,,0.0,1,False,False,,,,False,False,False,,,2,1.0,suite/addition-forward-hints-standard/width-64/noise-0/seed-0,,0.0,,0,0.0,32,4.238691329956055,112968,44167168,suite,0,0.0,3.9368863105773926,suite/addition-forward-hints-standard/width-64/noise-0/seed-0/result.json,1000,0.0,4.51674222946167,1.0,128,200,0.007669655256904662,1.0,10.173188093700446,,,addition-forward-hints-standard,17.691423819997,64
300,,0.0,1,False,False,,,,False,False,False,,,2,1.0,suite/addition-forward-hints-balanced/width-64/noise-0/seed-0,,0.0,,0,0.0,32,3.8856234550476074,112968,44167168,suite,0,0.0,3.90678071975708,suite/addition-forward-hints-balanced/width-64/noise-0/seed-0/result.json,1000,0.0,4.045401453971863,1.0,128,300,0.00837021553888917,1.0,12.699454509740463,,,addition-forward-hints-balanced,22.10545767500298,64
400,,0.0,1,False,False,,,,False,False,False,,,2,1.0,suite/addition-reverse-plain-standard/width-64/noise-0/seed-0,,0.0,,0,0.0,31,2.7462596278036795,104712,27739136,suite,0,0.015625,1.846064567565918,suite/addition-reverse-plain-standard/width-64/noise-0/seed-0/result.json,1000,0.0,3.317416787147522,1.0,128,400,0.0044468025444075465,1.0,9.844093663865351,,,addition-reverse-plain-standard,13.918478299005073,64
500,,0.0,1,False,False,,,,False,False,False,,,2,0.98193359375,suite/addition-reverse-plain-balanced/width-64/noise-0/seed-0,,0.0,,0,0.09375,32,2.896099090576172,104712,27739136,suite,0,0.0,3.0919477939605713,suite/addition-reverse-plain-balanced/width-64/noise-0/seed-0/result.json,1000,0.0,3.207466721534729,1.0,128,500,0.00414025824284181,1.0,10.767334820848191,,,addition-reverse-plain-balanced,14.6891162529937,64
200,,0.0,1,False,False,,,,False,False,False,,,2,1.0,suite/addition-reverse-hints-standard/width-64/noise-0/seed-0,,0.0,,0,0.0,32,3.57958984375,112968,44167168,suite,0,0.0,2.800406813621521,suite/addition-reverse-hints-standard/width-64/noise-0/seed-0/result.json,1000,0.0,4.019832611083984,1.0,128,200,0.006456560688093305,1.0,11.011937427785597,,,addition-reverse-hints-standard,19.41745547899336,64
200,,0.0,1,False,False,,,,False,False,False,,,2,1.0,suite/addition-reverse-hints-balanced/width-64/noise-0/seed-0,,0.0,,0,0.0,32,3.532038450241089,112968,44167168,suite,0,0.0,3.656473994255066,suite/addition-reverse-hints-balanced/width-64/noise-0/seed-0/result.json,1000,0.0,3.6959636211395264,1.0,128,200,0.007327420520596206,1.0,9.820092221707455,,,addition-reverse-hints-balanced,15.881610334996367,64
,,0.0,1,False,False,,,,True,True,True,,,2,0.67529296875,suite/parity-none/width-64/noise-0/seed-0,,0.0,,0,0.59375,32,0.9462537169456482,104712,30823936,suite,0,0.53125,0.6373437792062759,suite/parity-none/width-64/noise-0/seed-0/result.json,1000,0.5625,0.8045810163021088,0.9453125,128,,0.06912554986774921,0.9453125,9.99922426311241,,,parity-none,10.942038502005744,64
,,0.0,1,False,False,,,,True,False,True,,,2,0.99951171875,suite/parity-running/width-64/noise-0/seed-0,,0.0,,0,0.0,32,1.2813913822174072,104712,56166400,suite,0,0.03125,0.6491990387439728,suite/parity-running/width-64/noise-0/seed-0/result.json,1000,0.03125,1.068930447101593,0.78125,128,,0.048656084574759007,0.78125,11.08845886302879,,,parity-running,18.806088874000125,64
500,,0.0,1,False,False,,,,False,False,False,,,2,1.0,suite/parity-running-hints/width-64/noise-0/seed-0,,0.0,,0,0.0,32,2.0189433097839355,112968,144196096,suite,0,0.0,2.001092791557312,suite/parity-running-hints/width-64/noise-0/seed-0/result.json,1000,0.0,2.0856329202651978,1.0,128,500,0.009372407337650657,1.0,10.69713598684757,,,parity-running-hints,29.021151260996703,64
400,,0.0,1,False,False,,,,False,False,False,,,2,1.0,suite/parity-ones-hints/width-64/noise-0/seed-0,,0.0,,0,0.0,32,2.410318374633789,112968,144168960,suite,0,0.0,2.145591378211975,suite/parity-ones-hints/width-64/noise-0/seed-0/result.json,1000,0.0,2.5258291959762573,1.0,128,400,0.00938122859224677,1.0,10.675609535217518,,,parity-ones-hints,19.300424079003278,64
100,,0.0,1,False,False,,,,False,False,False,100,0,2,0.62109375,suite/boolean-and-shift/width-64/noise-0/seed-0,,0.0,,0,1.0,7,0.001218229000057493,104712,30823936,suite,0,1.0,0.0011708273086696863,suite/boolean-and-shift/width-64/noise-0/seed-0/result.json,1000,1.0,0.0011708273086696863,1.0,128,100,0.0011778745392803103,1.0,9.8673214080045,0,100,boolean-and-shift,11.694338860004791,64
100,,0.0,1,False,False,,,,False,False,False,100,0,2,0.83984375,suite/boolean-and-random/width-64/noise-0/seed-0,,0.0,,0,1.0,8,0.0012648601550608873,104712,30823936,suite,0,1.0,0.0011780644999817014,suite/boolean-and-random/width-64/noise-0/seed-0/result.json,1000,1.0,0.0011780644999817014,1.0,128,100,0.0011682651529554278,1.0,10.092382697112043,0,100,boolean-and-random,11.199742809010786,64
300,,0.0,1,False,False,,,,False,False,False,,,2,0.6131591796875,suite/crasp-depth-1-program-0/width-64/noise-0/seed-0,,0.0,,0,0.84375,32,0.15506550669670105,100616,29345280,suite,0,0.90625,0.043693763203918934,suite/crasp-depth-1-program-0/width-64/noise-0/seed-0/result.json,1000,0.90625,0.05133970361202955,1.0,128,300,0.0007483415538445115,1.0,10.284103561585653,,,crasp-depth-1-program-0,10.93308867100859,64
300,,0.0,1,False,False,,,,False,True,False,,,2,0.6083984375,suite/crasp-depth-2-program-0/width-64/noise-0/seed-0,,0.0,,0,0.75,32,0.25690725445747375,100616,29345280,suite,0,0.875,0.07022923231124878,suite/crasp-depth-2-program-0/width-64/noise-0/seed-0/result.json,1000,0.90625,0.11606671288609505,1.0,128,300,0.0007954989850986749,1.0,9.812992935170769,,,crasp-depth-2-program-0,10.433872758003417,64
400,,0.0,1,False,False,,,,True,True,True,,,2,0.6098790322580645,suite/crasp-depth-3-program-0/width-64/noise-0/seed-0,,0.0,,0,0.8387096774193549,31,0.21188019167992375,100616,29345280,suite,0,0.703125,0.786128580570221,suite/crasp-depth-3-program-0/width-64/noise-0/seed-0/result.json,1000,0.703125,0.786128580570221,1.0,128,400,0.0006955669523449615,1.0,10.573760628933087,,,crasp-depth-3-program-0,11.333583298008307,64
250,,0.0,1,False,False,,,,False,False,False,,,2,1.0,transitions/copy-repeat/width-64/noise-0/seed-0,,0.0,,0,0.0,64,4.212798237800598,101128,29692928,transitions,0,0.0234375,2.7650144696235657,transitions/copy-repeat/width-64/noise-0/seed-0/result.json,5000,0.0390625,3.437493145465851,1.0,64,250,0.0009765258873812854,1.0,49.945253296755254,,,copy-repeat,59.41576755000278,64
250,,0.0,1,False,False,,,,False,False,False,,,2,1.0,transitions/copy-repeat/width-64/noise-0/seed-1,,0.0,,0,0.0,64,3.356918215751648,101128,29692928,transitions,1,0.0390625,3.120194673538208,transitions/copy-repeat/width-64/noise-0/seed-1/result.json,5000,0.03125,3.2902409434318542,1.0,64,250,0.000999291194602847,1.0,49.10051496818778,,,copy-repeat,58.9552216269949,64
250,,0.0,1,False,False,,,,False,False,False,,,2,1.0,transitions/copy-repeat/width-64/noise-0/seed-2,,0.0,,0,0.0,64,3.5397948026657104,101128,29692928,transitions,2,0.03125,3.142502546310425,transitions/copy-repeat/width-64/noise-0/seed-2/result.json,5000,0.03125,3.178208589553833,1.0,64,250,0.000999967916868627,1.0,48.218074747142964,,,copy-repeat,58.437011293994146,64
500,,0.0,1,False,False,,,,False,False,False,,,2,0.84912109375,transitions/parity-none/width-64/noise-0/seed-0,,0.0,,0,0.359375,64,2.9155220985412598,101128,24038912,transitions,0,0.421875,0.4224284738302231,transitions/parity-none/width-64/noise-0/seed-0/result.json,5000,0.3515625,2.8656020164489746,1.0,64,500,0.0008023387345019728,1.0,46.98021565545059,,,parity-none,49.57739704000414,64
750,,0.0,1,False,False,,,,True,True,True,,,2,0.8597412109375,transitions/parity-none/width-64/noise-0/seed-1,,0.0,,0,0.4375,64,2.2683175206184387,101128,24038912,transitions,1,0.4296875,2.326825976371765,transitions/parity-none/width-64/noise-0/seed-1/result.json,5000,0.4296875,2.344403177499771,1.0,64,750,0.0009421448339708149,1.0,46.235748478371534,,,parity-none,48.83434596299776,64
1000,,0.0,1,False,False,,,,True,False,True,,,2,0.8828125,transitions/parity-none/width-64/noise-0/seed-2,,0.0,,0,0.359375,64,2.5465199947357178,101128,24038912,transitions,2,0.5078125,0.39007412642240524,transitions/parity-none/width-64/noise-0/seed-2/result.json,5000,0.4375,2.2682836651802063,1.0,64,1000,0.0008955484081525356,1.0,48.09231193405867,,,parity-none,50.77966733400535,64
250,,0.0,1,False,False,,,,True,True,True,250,0,2,0.572021484375,transitions/parity-running/width-64/noise-0/seed-0,,0.0,,0,1.0,64,0.0013605532585643232,101128,30272000,transitions,0,1.0,0.0007812250551069155,transitions/parity-running/width-64/noise-0/seed-0/result.json,5000,0.9921875,0.005796937824925408,1.0,64,250,0.0013057496398687363,1.0,48.99502873547317,,,parity-running,60.28230368200457,64
250,,0.0,1,False,False,,,,True,True,True,250,0,2,0.501708984375,transitions/parity-running/width-64/noise-0/seed-1,,0.0,,0,1.0,64,0.00818318547680974,101128,29877248,transitions,1,0.9921875,0.005738321677199565,transitions/parity-running/width-64/noise-0/seed-1/result.json,5000,0.984375,0.012275658082216978,1.0,64,250,0.00883395760320127,1.0,48.129140654040384,,,parity-running,59.561323040994466,64
250,,0.0,1,False,False,,,,True,False,True,250,0,2,0.517333984375,transitions/parity-running/width-64/noise-0/seed-2,,0.0,,0,0.9375,64,0.05694287642836571,101128,30272000,transitions,2,1.0,0.0037809638306498528,transitions/parity-running/width-64/noise-0/seed-2/result.json,5000,0.9140625,0.07470856234431267,1.0,64,250,0.0009188010590150952,1.0,48.09268027215148,,,parity-running,60.286289027004386,64
,,0.0,1,False,False,,,,True,True,True,,,2,0.67333984375,capacity/parity-none/width-16/noise-0.2/seed-0,,0.2,,16,0.578125,64,1.0651000142097473,6856,19806208,capacity,0,0.3671875,1.395325928926468,capacity/parity-none/width-16/noise-0.2/seed-0/result.json,1000,0.3984375,1.4861397743225098,0.75,64,800,0.011745119467377663,1.0,9.130068127677077,,,parity-none,10.749790665999171,16
,,0.0,1,False,False,,,,True,False,True,,,2,0.751220703125,capacity/parity-none/width-16/noise-0.2/seed-1,,0.2,,16,0.46875,64,1.2576427459716797,6856,19806208,capacity,1,0.46875,0.38894031941890717,capacity/parity-none/width-16/noise-0.2/seed-1/result.json,1000,0.3984375,1.4386248886585236,0.75,64,700,0.011509725358337164,1.0,9.71799259429099,,,parity-none,11.360477432011976,16
,,0.0,1,False,False,,,,True,False,True,,,2,0.703369140625,capacity/parity-none/width-16/noise-0.2/seed-2,,0.2,,16,0.4375,64,1.0110049843788147,6856,19806208,capacity,2,0.484375,0.37292879074811935,capacity/parity-none/width-16/noise-0.2/seed-2/result.json,1000,0.5546875,0.9011839330196381,0.75,64,1000,0.020423066802322865,1.0,10.590406222181628,,,parity-none,12.349141029000748,16
,,0.0,1,False,False,,,,False,False,False,,,2,0.666748046875,capacity/parity-none/width-32/noise-0.2/seed-0,,0.2,,16,0.46875,64,1.4868317246437073,25992,20690432,capacity,0,0.4140625,0.49231207370758057,capacity/parity-none/width-32/noise-0.2/seed-0/result.json,1000,0.46875,1.597467452287674,0.75,64,600,0.0039027074817568064,1.0,9.883835427011945,,,parity-none,11.60952725999232,32
,,0.0,1,False,False,,,,True,False,True,,,2,0.711669921875,capacity/parity-none/width-32/noise-0.2/seed-1,,0.2,,16,0.484375,64,1.4819666147232056,25992,20690432,capacity,1,0.421875,0.47489722073078156,capacity/parity-none/width-32/noise-0.2/seed-1/result.json,1000,0.4375,1.4796858727931976,0.75,64,600,0.003629618207924068,1.0,9.457606247160584,,,parity-none,11.096141372996499,32
,,0.0,1,False,False,,,,False,False,False,,,2,0.681640625,capacity/parity-none/width-32/noise-0.2/seed-2,,0.2,,16,0.578125,64,1.2213820815086365,25992,20690432,capacity,2,0.4375,1.4150003790855408,capacity/parity-none/width-32/noise-0.2/seed-2/result.json,1000,0.4296875,1.7853486835956573,0.75,64,300,0.0029771317495033145,1.0,9.260343875997933,,,parity-none,10.897865115999593,32
,,0.0,1,False,False,,,,True,True,True,,,2,0.624267578125,capacity/parity-none/width-64/noise-0.2/seed-0,,0.2,,16,0.515625,64,1.781494379043579,101128,24038912,capacity,0,0.4921875,0.3496689945459366,capacity/parity-none/width-64/noise-0.2/seed-0/result.json,1000,0.3515625,2.3648625016212463,0.75,64,400,0.0011379875941202044,1.0,9.407590662143775,,,parity-none,11.048453668001457,64
,,0.0,1,False,False,,,,False,False,False,,,2,0.6409912109375,capacity/parity-none/width-64/noise-0.2/seed-1,,0.2,,16,0.5,64,1.7408137917518616,101128,24038912,capacity,1,0.4296875,1.0755324065685272,capacity/parity-none/width-64/noise-0.2/seed-1/result.json,1000,0.4375,2.1220391392707825,0.75,64,400,0.0012512996909208596,1.0,9.256074037068174,,,parity-none,10.89364624398877,64
,,0.0,1,False,False,,,,True,False,True,,,2,0.6962890625,capacity/parity-none/width-64/noise-0.2/seed-2,,0.2,,16,0.453125,64,1.8766683340072632,101128,24038912,capacity,2,0.4140625,0.4825626611709595,capacity/parity-none/width-64/noise-0.2/seed-2/result.json,1000,0.3828125,2.1216938495635986,0.75,64,500,0.0014209155924618244,1.0,9.323088981051114,,,parity-none,10.94176089699613,64
,,0.0,1,False,False,,,,True,True,True,,,2,0.693115234375,capacity/parity-none/width-128/noise-0.2/seed-0,,0.2,,16,0.4375,64,1.8112589120864868,398856,33968640,capacity,0,0.4453125,0.3781386986374855,capacity/parity-none/width-128/noise-0.2/seed-0/result.json,1000,0.40625,2.1492677330970764,0.75,64,800,0.0006582972127944231,1.0,9.351718308782438,,,parity-none,11.009233556003892,128
,,0.0,1,False,False,,,,True,False,True,,,2,0.555419921875,capacity/parity-none/width-128/noise-0.2/seed-1,,0.2,,16,0.484375,64,0.4825819134712219,398856,33968640,capacity,1,0.4453125,0.38314739614725113,capacity/parity-none/width-128/noise-0.2/seed-1/result.json,1000,0.4375,0.6546878665685654,0.609375,64,,0.2711581140756607,0.671875,9.494684720018995,,,parity-none,11.139007851990755,128
,,0.0,1,False,False,,,,True,True,True,,,2,0.65576171875,capacity/parity-none/width-128/noise-0.2/seed-2,,0.2,,16,0.484375,64,1.7435488104820251,398856,33968640,capacity,2,0.40625,1.3216461837291718,capacity/parity-none/width-128/noise-0.2/seed-2/result.json,1000,0.4375,2.000697582960129,0.75,64,600,0.0012990523828193545,1.0,9.599336204963038,,,parity-none,11.272236103002797,128
,,0.1388888888888889,1,False,False,,,,False,False,False,,,2,1.0,control/random_lm/width-64/noise-0/seed-0,103.79812550544739,0.0,,0,0.0,64,4.614085674285889,105032,23586304,control,0,0.0,4.7121278047561646,control/random_lm/width-64/noise-0/seed-0/result.json,1000,0.0,4.890430450439453,0.125,8,,0.2329925149679184,0.125,8.975786516719381,,,random_lm,12.675023912001052,64
,,0.1388888888888889,1,False,False,,,,False,False,False,,,2,1.0,control/random_lm/width-64/noise-0/seed-1,103.80570125579834,0.0,,0,0.0,64,4.570733308792114,105032,24066560,control,1,0.0,4.380026578903198,control/random_lm/width-64/noise-0/seed-1/result.json,1000,0.0,4.6023170948028564,0.125,8,,0.2329196035861969,0.125,8.958136520086555,,,random_lm,15.666022156001418,64
,,0.1388888888888889,1,False,False,,,,False,False,False,,,2,1.0,control/random_lm/width-64/noise-0/seed-2,103.8064284324646,0.0,,0,0.0,64,4.686781167984009,105032,23586304,control,2,0.0,4.514878988265991,control/random_lm/width-64/noise-0/seed-2/result.json,1000,0.0,4.795502305030823,0.125,8,,0.2329125702381134,0.125,9.111028817904298,,,random_lm,13.166353980996064,64
