fit_head_norm,fit_interpolation_MSE,fit_maximum_target_residual,fit_minimum_QR_pivot,fit_normal_equation_residual,fit_solver,fitting_seconds,samples,seed,test_MSE,test_error,test_examples,test_imaginary_prediction_MSE,train_MSE,train_error,train_examples,train_imaginary_prediction_MSE,width
0.9897920640191186,0.03942693413574547,1.0817653427339016,10.357970917981664,1.2459093079867883e-13,complex_QR_minimum_norm_gradient_flow_limit,0.9425388030067552,1000,0,0.048232321919443405,0.2417,10000,0.005515472656248462,0.03942693413574547,0.16,1000,0.004260325701834463,100
1.8169829415212209,0.030190999334596996,0.898194247944404,5.32131495228979,2.453334973285193e-13,complex_QR_minimum_norm_gradient_flow_limit,0.025104952990659513,1000,0,0.04700645764659555,0.2207,10000,0.005962431792748217,0.030190999334596996,0.084,1000,0.003399123736282178,200
3.0661164098600726,0.024677082787854687,0.8198658798752627,3.684114554315854,2.1078416583281402e-12,complex_QR_minimum_norm_gradient_flow_limit,0.03752295099548064,1000,0,0.0509949224549342,0.21430000000000002,10000,0.008083821264082653,0.024677082787854687,0.044,1000,0.003324099387408903,300
4.874422387136495,0.020059925137863477,0.770251619652369,2.376145053129885,1.3957305273792338e-12,complex_QR_minimum_norm_gradient_flow_limit,0.04803992199595086,1000,0,0.05952937383964986,0.2179,10000,0.011648305075317902,0.020059925137863477,0.025,1000,0.003284497806436783,400
7.553398451721409,0.015872155419832685,0.7515016307587915,1.5616499620439077,2.716274715641862e-12,complex_QR_minimum_norm_gradient_flow_limit,0.06063303499831818,1000,0,0.0734027498943714,0.231,10000,0.01722846912852588,0.015872155419832685,0.008,1000,0.0030549929913687344,500
11.441091490097776,0.012150792037189115,0.6336965884873704,1.167537418862345,8.511497494579571e-12,complex_QR_minimum_norm_gradient_flow_limit,0.08040733498637564,1000,0,0.09652873034845814,0.2549,10000,0.027021773892441682,0.012150792037189115,0.001,1000,0.0027987219885834656,600
17.70001833073948,0.008795499883623532,0.5187887336397474,0.8378020857811499,1.0960500826057768e-11,complex_QR_minimum_norm_gradient_flow_limit,0.0998721219948493,1000,0,0.1384698927147031,0.2917,10000,0.04479142625286946,0.008795499883623532,0.0,1000,0.0023358497738924728,700
27.55202522461354,0.005534730267929912,0.41717010573909347,0.5205430021816322,2.029674467914656e-11,complex_QR_minimum_norm_gradient_flow_limit,0.122106087001157,1000,0,0.21110393546422684,0.3493,10000,0.07667023949557907,0.005534730267929912,0.0,1000,0.0017297501003110838,800
49.51291235534796,0.0026428770401471123,0.2859243145757272,0.28775570155070634,2.7148763831629918e-11,complex_QR_minimum_norm_gradient_flow_limit,0.1482699959888123,1000,0,0.4520083388118019,0.45780000000000004,10000,0.19783073039401222,0.0026428770401471123,0.0,1000,0.0010282872110275267,900
83.05420457920587,0.0012597861043422654,0.18049166524545057,0.16591915710395588,9.597210447106074e-11,complex_QR_minimum_norm_gradient_flow_limit,0.1548973710014252,1000,0,1.070248096023343,0.5795,10000,0.5071107749227441,0.0012597861043422654,0.0,1000,0.000552860075261149,950
122.55958084358778,0.0005890060843417317,0.142260091842302,0.1189040279967214,8.642272175320876e-11,complex_QR_minimum_norm_gradient_flow_limit,0.16186391199880745,1000,0,2.1871248783013764,0.6768000000000001,10000,1.0562093387929643,0.0005890060843417317,0.0,1000,0.00028723483861858325,975
2.347282171569309,1.1598622200358647e-30,2.9548942462653067e-15,1.6892127259281993,1.9827548503394802e-13,complex_QR_minimum_norm_gradient_flow_limit,0.007638781011337414,100,0,0.07200706657381976,0.331,10000,0.001684929526269466,1.1598622200358647e-30,0.0,100,5.882122657679903e-31,1000
4.027820735224527,5.624837871480095e-30,8.545319875765307e-15,1.4028983769926744,6.71269975086008e-13,complex_QR_minimum_norm_gradient_flow_limit,0.017165534998639487,200,0,0.0812388367673421,0.3156,10000,0.004248316652748444,5.624837871480095e-30,0.0,200,2.6012318732439805e-30,1000
5.972822252887739,1.4550712960964166e-29,1.725372398944457e-14,0.8843100576534464,1.1501070413591069e-12,complex_QR_minimum_norm_gradient_flow_limit,0.029831848994945176,300,0,0.08968947766301831,0.31520000000000004,10000,0.008369641056975073,1.4550712960964166e-29,0.0,300,1.0456430476994717e-29,1000
8.365915604386617,3.3094345720255043e-29,1.6308615064433804e-14,0.6812242895396036,3.0649781143288437e-12,complex_QR_minimum_norm_gradient_flow_limit,0.047213268000632524,400,0,0.10377078922123009,0.3068,10000,0.01387091402570452,3.3094345720255043e-29,0.0,400,2.409930625926764e-29,1000
11.481790494959991,6.861551061442525e-29,2.4355228974648043e-14,0.5453542775258713,4.4837006714884704e-12,complex_QR_minimum_norm_gradient_flow_limit,0.06192746099259239,500,0,0.120919825652669,0.31670000000000004,10000,0.021522051191911157,6.861551061442525e-29,0.0,500,3.99488365550179e-29,1000
16.466033158797742,1.7376482196606134e-28,3.892816202865945e-14,0.3549275922221462,1.0785112093854886e-11,complex_QR_minimum_norm_gradient_flow_limit,0.08275671899900772,600,0,0.1534945370760274,0.336,10000,0.036053387086923246,1.7376482196606134e-28,0.0,600,6.927314521388891e-29,1000
22.539319807695016,2.628992143135076e-28,6.23660805005315e-14,0.3537960695765603,1.7480104797262584e-11,complex_QR_minimum_norm_gradient_flow_limit,0.10277810000116006,700,0,0.18622229208045052,0.3452,10000,0.0527175765204227,2.628992143135076e-28,0.0,700,1.3440437059739336e-28,1000
31.899218046905986,5.552313616296222e-28,8.007533111303811e-14,0.19324289061761427,2.3883657213243353e-11,complex_QR_minimum_norm_gradient_flow_limit,0.12486056599300355,800,0,0.26486261484885365,0.387,10000,0.08972330972952303,5.552313616296222e-28,0.0,800,2.6197903424951665e-28,1000
52.258612274780376,1.2459854838071319e-27,1.4187768477411467e-13,0.168222091528788,3.3062870306840195e-11,complex_QR_minimum_norm_gradient_flow_limit,0.1527867149998201,900,0,0.49041858841994024,0.4823,10000,0.2054524654987705,1.2459854838071319e-27,0.0,900,5.491801438996927e-28,1000
78.95132057367792,2.3903025244024555e-27,1.545787722138601e-13,0.11806709120467483,6.619516019563002e-11,complex_QR_minimum_norm_gradient_flow_limit,0.1588467549881898,950,0,0.957517988881321,0.5785,10000,0.43594616122715396,2.3903025244024555e-27,0.0,950,9.845235838311202e-28,1000
113.56216561699351,9.389375917274996e-27,4.1958511167578817e-13,0.07772721125827961,1.617319960870911e-10,complex_QR_minimum_norm_gradient_flow_limit,0.1662032239983091,975,0,1.843617758906056,0.6636000000000001,10000,0.8857445380898537,9.389375917274996e-27,0.0,975,3.730167166790525e-27,1000
576.3500785110066,1.8117183340940305e-25,1.454796125638858e-11,0.03601215903775949,5.58094214784914e-10,complex_QR_minimum_norm_gradient_flow_limit,0.1658938729960937,1000,0,45.28010189267122,0.8608,10000,23.684006049696073,1.8117183340940305e-25,0.0,1000,1.06247795846761e-25,1000
119.99090506842225,0.0006306697324309016,0.1469119609386988,0.11688094082228521,6.363380959432216e-11,complex_QR_minimum_norm_gradient_flow_limit,0.17232142500870395,1025,0,1.911562237274357,0.6694,10000,0.9199929556976385,0.0006306697324309016,0.0,1025,0.00028812274458859583,1000
81.63197397721446,0.0012509544625638662,0.23350327884253064,0.1702415873902304,7.085125121231268e-11,complex_QR_minimum_norm_gradient_flow_limit,0.17495225899619982,1050,0,0.89077234626892,0.5835,10000,0.40610802711543936,0.0012509544625638662,0.0,1050,0.0005395339570530838,1000
59.03325689940389,0.002350937453245012,0.2579766046309424,0.23051715686805818,5.956476524596105e-11,complex_QR_minimum_norm_gradient_flow_limit,0.18648639299499337,1100,0,0.46295239545112143,0.4606,10000,0.19491263864460917,0.002350937453245012,0.0,1100,0.0008962518465002525,1000
41.77154244593998,0.004284949659268627,0.4106276816704761,0.3428607738100168,3.663639445258131e-11,complex_QR_minimum_norm_gradient_flow_limit,0.20308470199233852,1200,0,0.24605582626282857,0.3593,10000,0.08803396289987513,0.004284949659268627,0.0,1200,0.0013721284698278225,1000
33.69497208144994,0.005906099104126698,0.5608257004684388,0.42618283076955016,2.967499831733233e-11,complex_QR_minimum_norm_gradient_flow_limit,0.2215482610045001,1300,0,0.16671648617556237,0.3039,10000,0.052269535115003894,0.005906099104126698,0.0,1300,0.0016079609414880868,1000
29.86423754510843,0.007344738126677878,0.6250724980198089,0.49373955019947263,2.1424653165486115e-11,complex_QR_minimum_norm_gradient_flow_limit,0.2344608849962242,1400,0,0.13644222054264618,0.2848,10000,0.0386824917920994,0.007344738126677878,0.0,1400,0.001754027406279265,1000
26.32575128091675,0.008730568386250859,0.6404066304832945,0.5548883085075121,1.4097740080341254e-11,complex_QR_minimum_norm_gradient_flow_limit,0.25253880200034473,1500,0,0.11051182292271035,0.2539,10000,0.029306009162531194,0.008730568386250859,0.0006666666666666666,1500,0.0018477833661463257,1000
21.500988225301505,0.011225786372764853,0.7113533302078454,0.703915226485731,2.2350824580210715e-11,complex_QR_minimum_norm_gradient_flow_limit,0.2945378769945819,1750,0,0.08224066919706327,0.22710000000000002,10000,0.017771758054705745,0.011225786372764853,0.004,1750,0.0019315092195361149,1000
18.91513687428773,0.013269872207906108,0.8086656255270576,0.8210958770738623,2.0471008342733745e-11,complex_QR_minimum_norm_gradient_flow_limit,0.3389844759949483,2000,0,0.06790682674362049,0.2109,10000,0.012092907235598456,0.013269872207906108,0.01,2000,0.0019328937563532138,1000
126.48777986647374,1.0276239681462237e-26,3.316237475452505e-13,0.05233125454790687,1.4346414580628037e-10,complex_QR_minimum_norm_gradient_flow_limit,0.1763527909934055,1000,0,2.0878216779606156,0.6928000000000001,10000,1.0336907013396586,1.0276239681462237e-26,0.0,1000,4.4479164525807786e-27,1025
86.87027104965763,3.4763984449831416e-27,3.340793722258234e-13,0.07254035876093214,4.947124899417838e-11,complex_QR_minimum_norm_gradient_flow_limit,0.1787905859964667,1000,0,0.9962907115816684,0.5908,10000,0.4570593262508608,3.4763984449831416e-27,0.0,1000,1.933858363248566e-27,1050
64.29515945748163,2.5952904277119577e-27,1.6377200852866892e-13,0.0933971149447974,6.67043187000582e-11,complex_QR_minimum_norm_gradient_flow_limit,0.18821765699249227,1000,0,0.5365024245368539,0.4949,10000,0.21647209601765557,2.5952904277119577e-27,0.0,1000,1.4219581398594594e-27,1100
49.26185221732658,9.960850351137002e-28,1.3935063703808614e-13,0.12866306950020573,3.128688145035038e-11,complex_QR_minimum_norm_gradient_flow_limit,0.20745436400466133,1000,0,0.31728350896259344,0.42510000000000003,10000,0.10565023688690156,9.960850351137002e-28,0.0,1000,4.277860829835039e-28,1200
42.60090588077848,7.437462026082713e-28,8.066901048097127e-14,0.14823534838685473,3.617856907505786e-11,complex_QR_minimum_norm_gradient_flow_limit,0.22528839499864262,1000,0,0.23642249733940668,0.3871,10000,0.0652282734355541,7.437462026082713e-28,0.0,1000,2.1342640796886258e-28,1300
39.51464272824595,6.525197415951747e-28,8.054559009987822e-14,0.16458281485850793,3.562039900718488e-11,complex_QR_minimum_norm_gradient_flow_limit,0.2384803900058614,1000,0,0.20385684015579672,0.3675,10000,0.049446508130716806,6.525197415951747e-28,0.0,1000,3.1640090298865336e-28,1400
37.66324828968833,8.316780618553517e-28,8.454506882253741e-14,0.17276112701663693,5.36239087879329e-11,complex_QR_minimum_norm_gradient_flow_limit,0.25623001900385134,1000,0,0.182402697214487,0.3562,10000,0.03887755211719979,8.316780618553517e-28,0.0,1000,1.8152945331040001e-28,1500
34.985347524087125,1.3265675389804965e-27,1.1138011972241899e-13,0.17829641407217953,6.983986110891719e-11,complex_QR_minimum_norm_gradient_flow_limit,0.29858519999834243,1000,0,0.1547641793975005,0.3355,10000,0.02530269485391033,1.3265675389804965e-27,0.0,1000,5.782838743884427e-28,1750
33.80228622124821,7.456764494853344e-28,8.124314431255588e-14,0.18241621920889026,4.663932621000374e-11,complex_QR_minimum_norm_gradient_flow_limit,0.3427650289959274,1000,0,0.1413758141598223,0.3255,10000,0.018997739978365628,7.456764494853344e-28,0.0,1000,5.748170315227563e-28,2000
0.9845635159453193,0.03834404678303121,0.9642268052307622,10.014413672011901,1.4486504722722805e-13,complex_QR_minimum_norm_gradient_flow_limit,0.007791060997988097,1000,1,0.04922263524173374,0.2399,10000,0.005559728639039072,0.03834404678303121,0.14300000000000002,1000,0.004354055195592341,100
1.826617534187694,0.028344948283553117,0.9050125458846433,5.9420400478386215,3.701162761066945e-13,complex_QR_minimum_norm_gradient_flow_limit,0.017371847992762923,1000,1,0.04744639910014116,0.21530000000000002,10000,0.0059585769497612255,0.028344948283553117,0.08,1000,0.003592606794228317,200
3.091041836897904,0.02276047961609434,0.8479025929412265,3.5453388926575973,1.495764136985253e-12,complex_QR_minimum_norm_gradient_flow_limit,0.02867407900339458,1000,1,0.051751286341207584,0.21730000000000002,10000,0.007973382052758899,0.02276047961609434,0.042,1000,0.0033393597577753,300
4.841289697178815,0.01823180407573301,0.8293514606049582,2.471648787026798,1.6409998053702658e-12,complex_QR_minimum_norm_gradient_flow_limit,0.04592964399489574,1000,1,0.0590883859627273,0.22080000000000002,10000,0.011065079226157473,0.01823180407573301,0.021,1000,0.0030735877535883714,400
7.294268145566756,0.014491562687023295,0.7660418587332714,1.6039018587575908,3.926829219876985e-12,complex_QR_minimum_norm_gradient_flow_limit,0.06079316900286358,1000,1,0.07086341340482587,0.2386,10000,0.015427493160376308,0.014491562687023295,0.007,1000,0.0029044052645535176,500
11.404077035326937,0.010933128692452304,0.6795226019252795,1.1425334177891782,6.841429056738397e-12,complex_QR_minimum_norm_gradient_flow_limit,0.08015942400379572,1000,1,0.09345571589667122,0.2627,10000,0.024836265387456452,0.010933128692452304,0.001,1000,0.002611786360419467,600
16.90515292213311,0.007465741356785941,0.5164434551951013,0.7622059289699091,1.2087929660421147e-11,complex_QR_minimum_norm_gradient_flow_limit,0.10085972100205254,1000,1,0.12705538734609403,0.301,10000,0.038133982645392826,0.007465741356785941,0.0,1000,0.0020887287349769376,700
26.19512295689572,0.004553735061643576,0.3923451761722248,0.4783207612084876,2.5514435773468976e-11,complex_QR_minimum_norm_gradient_flow_limit,0.12283883499912918,1000,1,0.19400119350456171,0.35100000000000003,10000,0.06767689059219797,0.004553735061643576,0.0,1000,0.0014845674149973848,800
45.17208796268852,0.0021460611293794463,0.2601692532647494,0.2717750111295349,4.790175476784785e-11,complex_QR_minimum_norm_gradient_flow_limit,0.1490181660046801,1000,1,0.38676260113827093,0.4459,10000,0.16176338194787615,0.0021460611293794463,0.0,1000,0.0008406491370277071,900
72.19597475759622,0.0010379628552298226,0.14424956189028873,0.18105399021333335,7.615252347901324e-11,complex_QR_minimum_norm_gradient_flow_limit,0.15542893600650132,1000,1,0.8167770103405412,0.5557,10000,0.3654250188517308,0.0010379628552298226,0.0,1000,0.00045503167587970366,950
103.72344099707884,0.0005026657696371624,0.13237297464179726,0.11520692135813639,1.3407761023338802e-10,complex_QR_minimum_norm_gradient_flow_limit,0.16233920099330135,1000,1,1.5442697252323727,0.6523,10000,0.7245097715275322,0.0005026657696371624,0.0,1000,0.00023517709215302728,975
2.153707326279843,1.4916901148964082e-30,6.225147881871167e-15,1.982506534526707,1.2425903433886489e-13,complex_QR_minimum_norm_gradient_flow_limit,0.007748709002044052,100,1,0.06857323380245887,0.3526,10000,0.001314702075282686,1.4916901148964082e-30,0.0,100,7.919870888453478e-31,1000
3.56327791882212,3.1258547778994646e-30,6.653367823951218e-15,1.3847095425864753,3.944666813232629e-13,complex_QR_minimum_norm_gradient_flow_limit,0.017034841992426664,200,1,0.07378474331737557,0.3284,10000,0.00304499712829489,3.1258547778994646e-30,0.0,200,1.852015736532583e-30,1000
5.560676647795973,1.3372041409428112e-29,1.5033282990587295e-14,1.0327679978800928,1.0303870437255795e-12,complex_QR_minimum_norm_gradient_flow_limit,0.02961735198914539,300,1,0.08270613999162445,0.3135,10000,0.006816504056855052,1.3372041409428112e-29,0.0,300,8.058136904209386e-30,1000
8.160747066585559,2.5448036216328474e-29,1.6146780768176188e-14,0.8204836006978923,3.4191296098773192e-12,complex_QR_minimum_norm_gradient_flow_limit,0.0473701380105922,400,1,0.09964339251263973,0.3375,10000,0.013541458982167074,2.5448036216328474e-29,0.0,400,1.3502033128770508e-29,1000
11.053633868077574,5.173638850443827e-29,3.414364518467421e-14,0.5611975762182566,4.148610606492024e-12,complex_QR_minimum_norm_gradient_flow_limit,0.06224960400140844,500,1,0.11460635048797041,0.3336,10000,0.020112133987875164,5.173638850443827e-29,0.0,500,2.865420368071216e-29,1000
15.901378140452643,1.3394698878500381e-28,4.1535113029585775e-14,0.43292711358588887,1.1437583038661787e-11,complex_QR_minimum_norm_gradient_flow_limit,0.08260240600793622,600,1,0.14301105646788734,0.3549,10000,0.033682588662928156,1.3394698878500381e-28,0.0,600,7.458219172715293e-29,1000
21.600438199829842,2.083628833208084e-28,5.3425611557715705e-14,0.35103706817123115,1.1923126435583925e-11,complex_QR_minimum_norm_gradient_flow_limit,0.10275677699246444,700,1,0.17761337851140685,0.3718,10000,0.05165766518586774,2.083628833208084e-28,0.0,700,1.0564067786322914e-28,1000
30.821980894527883,3.0521605426808075e-28,6.912339850775683e-14,0.24470592761034327,1.1139266348148327e-11,complex_QR_minimum_norm_gradient_flow_limit,0.12493942100263666,800,1,0.25092468969456044,0.4083,10000,0.08798814414689501,3.0521605426808075e-28,0.0,800,1.4923890150536968e-28,1000
48.660643522953634,1.4081511130125385e-27,1.386760554771592e-13,0.1671951423003526,5.457470565710594e-11,complex_QR_minimum_norm_gradient_flow_limit,0.15253144699090626,900,1,0.43791768140423215,0.4786,10000,0.17633613011165689,1.4081511130125385e-27,0.0,900,4.445510772584746e-28,1000
72.26018859250631,3.122529402642526e-27,2.3735228483396983e-13,0.0951501206175083,6.193428598358212e-11,complex_QR_minimum_norm_gradient_flow_limit,0.15857903900905512,950,1,0.8042037802219202,0.5690000000000001,10000,0.3591792486814035,3.122529402642526e-27,0.0,950,1.5541826596474789e-27,1000
103.83071322694074,3.8934805760503005e-27,3.225787722183424e-13,0.08091009864730106,4.447958377016239e-11,complex_QR_minimum_norm_gradient_flow_limit,0.16602159199828748,975,1,1.527578683001544,0.6575000000000001,10000,0.7008340454909809,3.8934805760503005e-27,0.0,975,2.1594093929788937e-27,1000
1002.2284818057034,4.354787169943569e-25,1.6683131872597755e-11,0.023207699618066138,7.617323433933576e-10,complex_QR_minimum_norm_gradient_flow_limit,0.1660612779960502,1000,1,127.9737549098376,0.8886000000000001,10000,65.29680005563378,4.354787169943569e-25,0.0,1000,2.536669429467263e-25,1000
103.69386482893658,0.00045864600844722073,0.10047621842480986,0.11546588476734504,5.566382974119628e-11,complex_QR_minimum_norm_gradient_flow_limit,0.17237539199413732,1025,1,1.4210300894434758,0.65,10000,0.6597567733477736,0.00045864600844722073,0.0,1025,0.00022204986920298865,1000
77.92056467450648,0.0009552637238376902,0.16806335117090962,0.16253525776636255,3.0585488466338135e-11,complex_QR_minimum_norm_gradient_flow_limit,0.17498150900064502,1050,1,0.8150884605385722,0.5665,10000,0.367036849237436,0.0009552637238376902,0.0,1050,0.00042661295220663883,1000
55.77268838300428,0.001956434941447716,0.21350526862956626,0.2254603402496929,4.6534627449078405e-11,complex_QR_minimum_norm_gradient_flow_limit,0.18637800800206605,1100,1,0.4345746089413202,0.4676,10000,0.17679450474417338,0.001956434941447716,0.0,1100,0.000752441478692927,1000
41.16683121922294,0.003554930645654143,0.36784491806710584,0.3439323982123517,3.272218973581961e-11,complex_QR_minimum_norm_gradient_flow_limit,0.20312989599187858,1200,1,0.2424827812183624,0.3774,10000,0.08582630998215988,0.003554930645654143,0.0,1200,0.0011695500117062932,1000
33.41112198426344,0.005160277499996187,0.4453324475335195,0.42265107372093835,1.550350112590822e-11,complex_QR_minimum_norm_gradient_flow_limit,0.22170679799455684,1300,1,0.16514955457077188,0.3225,10000,0.05108143644639404,0.005160277499996187,0.0,1300,0.0014776685794095524,1000
28.948820149676262,0.006675122673913859,0.5511506941073548,0.49311772831161593,1.850546058928773e-11,complex_QR_minimum_norm_gradient_flow_limit,0.23450408900680486,1400,1,0.13169587683444958,0.2953,10000,0.03672600425392504,0.006675122673913859,0.0007142857142857143,1400,0.0016413542371996942,1000
26.323340662979568,0.007978623423502494,0.5975032384662612,0.549991653689035,2.1640805063521553e-11,complex_QR_minimum_norm_gradient_flow_limit,0.2524739469954511,1500,1,0.11257465942353397,0.2752,10000,0.028997823799611987,0.007978623423502494,0.0006666666666666666,1500,0.0017705396053349133,1000
21.747714952381354,0.010701126362878895,0.7767823680376563,0.6886432823076799,3.489538330076135e-11,complex_QR_minimum_norm_gradient_flow_limit,0.29446049701073207,1750,1,0.08280998457289998,0.24080000000000001,10000,0.01757873910615215,0.010701126362878895,0.0051428571428571435,1750,0.0018902629024389447,1000
18.685413492928628,0.012977709563603407,0.8716594541562485,0.8100795682502462,2.5777986733747662e-11,complex_QR_minimum_norm_gradient_flow_limit,0.3390694270055974,2000,1,0.06736495260428871,0.2165,10000,0.0122271493451541,0.012977709563603407,0.0115,2000,0.0019115252658984197,1000
112.09577047672938,8.056278569465974e-27,5.500750753803687e-13,0.10263152309996017,1.1700484649846457e-10,complex_QR_minimum_norm_gradient_flow_limit,0.1773189630039269,1000,1,1.6114151810632613,0.6642,10000,0.7537596491644744,8.056278569465974e-27,0.0,1000,4.061848942435505e-27,1025
82.27676631680822,3.595029738430201e-27,3.0198196883995273e-13,0.11926018081263853,9.242096380142482e-11,complex_QR_minimum_norm_gradient_flow_limit,0.17920570400019642,1000,1,0.8876428816380134,0.5835,10000,0.3991493055692387,3.595029738430201e-27,0.0,1000,1.2119778929285938e-27,1050
60.14032734320162,2.6627682454092328e-27,1.7304171268500388e-13,0.14556129129335826,7.163693008778069e-11,complex_QR_minimum_norm_gradient_flow_limit,0.1882834650023142,1000,1,0.4715362457353848,0.4944,10000,0.18716092236170306,2.6627682454092328e-27,0.0,1000,1.276774473890361e-27,1100
44.938745214924985,1.1424530384955992e-27,1.0752829528930684e-13,0.18366364919405959,4.0533770200096353e-11,complex_QR_minimum_norm_gradient_flow_limit,0.20750914500968065,1000,1,0.270986441883303,0.4076,10000,0.08852222059296225,1.1424530384955992e-27,0.0,1000,5.473661027695958e-28,1200
39.74627649868697,4.627343059376741e-28,7.015961709238858e-14,0.2097353994497746,2.7104826472659583e-11,complex_QR_minimum_norm_gradient_flow_limit,0.22553370900277514,1000,1,0.21135966255691294,0.3801,10000,0.05972992521249242,4.627343059376741e-28,0.0,1000,2.789882465964763e-28,1300
37.06323383890846,5.559676678275477e-28,7.552389539212424e-14,0.22483588666184365,3.589510861728958e-11,complex_QR_minimum_norm_gradient_flow_limit,0.23843703699822072,1000,1,0.18151047380459898,0.3618,10000,0.04458032012050677,5.559676678275477e-28,0.0,1000,3.6118966703369916e-28,1400
35.35013332337773,7.948116888021255e-28,8.015195132184987e-14,0.23018185315754794,5.0371098416114755e-11,complex_QR_minimum_norm_gradient_flow_limit,0.25456988099904265,1000,1,0.16391468775064333,0.3472,10000,0.036636113542801406,7.948116888021255e-28,0.0,1000,2.8684565807909403e-28,1500
33.03942910355562,5.75225432939148e-28,8.156747436713984e-14,0.23948577869596088,4.421469078618416e-11,complex_QR_minimum_norm_gradient_flow_limit,0.2962948950007558,1000,1,0.13906737220719922,0.3356,10000,0.022917548849272794,5.75225432939148e-28,0.0,1000,2.6004573555665235e-28,1750
32.1432179850819,4.452740600719616e-28,7.429043079800052e-14,0.24114825404201784,4.8334968474235565e-11,complex_QR_minimum_norm_gradient_flow_limit,0.33969979200628586,1000,1,0.12796378791770285,0.32630000000000003,10000,0.016771285277287058,4.452740600719616e-28,0.0,1000,1.1282239628494162e-28,2000
0.9554326796356164,0.03815519571579762,0.9730824999530951,10.386138169043324,1.3329553220315346e-13,complex_QR_minimum_norm_gradient_flow_limit,0.007634148991201073,1000,2,0.04785205304000006,0.24050000000000002,10000,0.0051970473642067375,0.03815519571579762,0.152,1000,0.004269298579249927,100
1.8387875194094963,0.028599873154388354,0.8666030965506841,5.472051155929283,2.7422070479886653e-13,complex_QR_minimum_norm_gradient_flow_limit,0.016986336006084457,1000,2,0.046984812964145174,0.21250000000000002,10000,0.00617501239807973,0.028599873154388354,0.074,1000,0.0036144476006824662,200
3.0831578444606476,0.02305245631788811,0.8475909894634206,3.7117949008439064,2.4039513817304533e-12,complex_QR_minimum_norm_gradient_flow_limit,0.028463971000746824,1000,2,0.051683271089858374,0.21380000000000002,10000,0.007983206851039147,0.02305245631788811,0.045,1000,0.003335214841771489,300
4.8442724474377945,0.01867948850865932,0.7447796950014656,2.547633729208913,1.6993530154088605e-12,complex_QR_minimum_norm_gradient_flow_limit,0.04592296099872328,1000,2,0.05938759884136607,0.2187,10000,0.011145567709805735,0.01867948850865932,0.023,1000,0.0031268193854163684,400
7.3956821323116735,0.014693584480107645,0.7285869374640637,1.5797858646581104,7.66879434735793e-12,complex_QR_minimum_norm_gradient_flow_limit,0.05996247800067067,1000,2,0.07153838601173758,0.22790000000000002,10000,0.016072884431792056,0.014693584480107645,0.011,1000,0.0028507186778676244,500
11.202362053057197,0.01118136964391856,0.714444082948824,1.1958074875336604,7.663510622113412e-12,complex_QR_minimum_norm_gradient_flow_limit,0.08041244100604672,1000,2,0.09176571018066554,0.2518,10000,0.024277418765682877,0.01118136964391856,0.001,1000,0.0025129247210479775,600
16.68562579415792,0.008029279028997383,0.6525775128486986,0.7737532809156884,1.170523704838988e-11,complex_QR_minimum_norm_gradient_flow_limit,0.0998021259874804,1000,2,0.12511414628057693,0.2812,10000,0.037403702875776726,0.008029279028997383,0.0,1000,0.002097532424875222,700
26.540108183165316,0.005154120824823389,0.5415015756731888,0.4993267840217751,1.6265896898831632e-11,complex_QR_minimum_norm_gradient_flow_limit,0.12185909600520972,1000,2,0.19902044765922147,0.3417,10000,0.0699379327199711,0.005154120824823389,0.0,1000,0.001593723372201308,800
46.44016767089096,0.0024041919161082426,0.28467655695857874,0.2726529484499035,2.7436903392895666e-11,complex_QR_minimum_norm_gradient_flow_limit,0.14848096799687482,1000,2,0.4063217270071447,0.44320000000000004,10000,0.16924466341654884,0.0024041919161082426,0.0,1000,0.0009170096865889683,900
75.06926119645769,0.0011624139979811811,0.18269493899614517,0.18358797519146497,6.880836168424481e-11,complex_QR_minimum_norm_gradient_flow_limit,0.1542482229997404,1000,2,0.8674024916347498,0.56,10000,0.39819179966982404,0.0011624139979811811,0.0,1000,0.0005116918781492431,950
108.88477049220755,0.0005472303139207846,0.1247060620078233,0.1384088021940673,9.631746312890627e-11,complex_QR_minimum_norm_gradient_flow_limit,0.1616921490058303,1000,2,1.6890436251032097,0.6405000000000001,10000,0.7963540667233854,0.0005472303139207846,0.0,1000,0.00026234808311213315,975
2.490446892813967,1.9202151381985158e-30,4.6695270420287086e-15,1.6571144414066186,2.4085439149361486e-13,complex_QR_minimum_norm_gradient_flow_limit,0.007541892002336681,100,2,0.07278481996471695,0.34990000000000004,10000,0.0019039982907846959,1.9202151381985158e-30,0.0,100,1.1120478221522553e-30,1000
4.211347497076286,5.002615589056966e-30,8.068601435063857e-15,1.0232982208392105,7.004321259518855e-13,complex_QR_minimum_norm_gradient_flow_limit,0.016963661997579038,200,2,0.07925466460655642,0.3154,10000,0.004439284663957689,5.002615589056966e-30,0.0,200,2.0923392159629e-30,1000
5.9888428325470855,1.2864495042737315e-29,1.5095155019682763e-14,0.8236389128236767,1.3377658682830096e-12,complex_QR_minimum_norm_gradient_flow_limit,0.02980463499261532,300,2,0.08563804885027577,0.30970000000000003,10000,0.007803036078174724,1.2864495042737315e-29,0.0,300,7.908440750838514e-30,1000
8.241244150332356,2.4822441484181133e-29,1.4988010832439613e-14,0.77812041661848,2.469270920710412e-12,complex_QR_minimum_norm_gradient_flow_limit,0.046582761002355255,400,2,0.10080003587628407,0.3111,10000,0.013126111488537305,2.4822441484181133e-29,0.0,400,1.8457697048546317e-29,1000
11.201650862838594,6.705558187164167e-29,3.681209762006947e-14,0.5709624762745802,4.371537391045502e-12,complex_QR_minimum_norm_gradient_flow_limit,0.061758181007462554,500,2,0.11275400360745529,0.3199,10000,0.01941698364077879,6.705558187164167e-29,0.0,500,4.2648056969644335e-29,1000
15.871364912956926,1.652306205481434e-28,4.0841723569039417e-14,0.4209927134491945,9.338850232577292e-12,complex_QR_minimum_norm_gradient_flow_limit,0.0822367189975921,600,2,0.1410347981022296,0.3244,10000,0.03355486290025963,1.652306205481434e-28,0.0,600,6.502692920231194e-29,1000
22.135396853379437,2.7175947463635458e-28,6.79703162522204e-14,0.27652072387825166,1.673408940379358e-11,complex_QR_minimum_norm_gradient_flow_limit,0.10226005599542987,700,2,0.1832832286302106,0.3528,10000,0.05268969528398916,2.7175947463635458e-28,0.0,700,8.830980050016494e-29,1000
31.78414208198702,5.278528714013801e-28,7.220547781444455e-14,0.23363661783378478,2.964027638171579e-11,complex_QR_minimum_norm_gradient_flow_limit,0.12479054000868928,800,2,0.2615862386099074,0.3869,10000,0.09043245304514906,5.278528714013801e-28,0.0,800,2.5382412288219186e-28,1000
50.29623297800439,1.2559364011460939e-27,1.192278218876896e-13,0.18453633608651696,4.8572774422031916e-11,complex_QR_minimum_norm_gradient_flow_limit,0.15102879999903962,900,2,0.45909355799010165,0.46440000000000003,10000,0.185496421471651,1.2559364011460939e-27,0.0,900,6.935418032083681e-28,1000
77.77620806145444,2.447914480252512e-27,2.284730009751828e-13,0.13388644200891714,4.6873064748019687e-11,complex_QR_minimum_norm_gradient_flow_limit,0.15734648899524473,950,2,0.9094538961930381,0.5672,10000,0.4048610451748125,2.447914480252512e-27,0.0,950,1.0000904167953823e-27,1000
118.6816566683492,4.215465731932377e-27,3.0946663756281127e-13,0.10843203044184678,6.127372530047662e-11,complex_QR_minimum_norm_gradient_flow_limit,0.1643457309983205,975,2,1.966119401022605,0.6633,10000,0.9242627561028172,4.215465731932377e-27,0.0,975,1.2234358886235477e-27,1000
434.2606282201555,6.076932189454285e-26,3.769635137734462e-12,0.028870492971504846,2.9187237213675425e-10,complex_QR_minimum_norm_gradient_flow_limit,0.16478070299490355,1000,2,23.561231317311883,0.8441000000000001,10000,11.967389648653752,6.076932189454285e-26,0.0,1000,2.7766333859705206e-26,1000
113.06244135191635,0.0005646704517401098,0.1277121299721399,0.12038996086056694,8.333995094305259e-11,complex_QR_minimum_norm_gradient_flow_limit,0.1712369670131011,1025,2,1.6871995242508397,0.6534,10000,0.754993790273118,0.0005646704517401098,0.0,1025,0.0002506888106436087,1000
79.96330418888475,0.0010917738956104008,0.18956670900392003,0.17472607543859653,6.386500669290337e-11,complex_QR_minimum_norm_gradient_flow_limit,0.1737401080026757,1050,2,0.8443635025930247,0.549,10000,0.3695630315912904,0.0010917738956104008,0.0,1050,0.00047878629286955405,1000
58.87051139236837,0.0020680863385121053,0.3023266934167575,0.2449732321888547,5.283125228598552e-11,complex_QR_minimum_norm_gradient_flow_limit,0.18492666399106383,1100,2,0.4888193747000733,0.4647,10000,0.1998618870803071,0.0020680863385121053,0.0,1100,0.0008127232058348677,1000
41.07434965682469,0.004084293615494688,0.38904058869103253,0.3601028238223167,2.875849176310648e-11,complex_QR_minimum_norm_gradient_flow_limit,0.20170067901199218,1200,2,0.23934643432166808,0.3635,10000,0.08392144062366724,0.004084293615494688,0.0,1200,0.0012797693888499638,1000
32.25668043909371,0.0056528750216951204,0.453415872959594,0.4510574362661712,1.7743587320535077e-11,complex_QR_minimum_norm_gradient_flow_limit,0.21960753500752617,1300,2,0.15741718442190245,0.3065,10000,0.04805027399072246,0.0056528750216951204,0.0,1300,0.0015174818791916934,1000
28.472355741776834,0.0070985819589129435,0.5363420511047022,0.5285211732893295,2.5090231356855205e-11,complex_QR_minimum_norm_gradient_flow_limit,0.23255305699422024,1400,2,0.12784409907767472,0.2763,10000,0.0360227856249314,0.0070985819589129435,0.0,1400,0.0016928629466344167,1000
25.08582085418824,0.008247809891709194,0.5867308733371662,0.5933537081788097,1.4791331813464385e-11,complex_QR_minimum_norm_gradient_flow_limit,0.25046005299373064,1500,2,0.10570321477497938,0.2599,10000,0.02743615061735303,0.008247809891709194,0.0013333333333333333,1500,0.0017782170737139548,1000
21.21398860520284,0.010955545622956189,0.729421605919639,0.7368835182193795,1.656508149450554e-11,complex_QR_minimum_norm_gradient_flow_limit,0.292092275005416,1750,2,0.07988298529585973,0.2288,10000,0.016996881067867776,0.010955545622956189,0.004,1750,0.0018918681861621516,1000
18.797543012992165,0.012872688320712906,0.7724741657203298,0.8707111049292071,2.925701027967208e-11,complex_QR_minimum_norm_gradient_flow_limit,0.3360986319894437,2000,2,0.0668135331847664,0.2109,10000,0.012064758344922039,0.012872688320712906,0.0085,2000,0.001958381742966826,1000
126.90333340919737,7.97784377398303e-27,3.5954884188938576e-13,0.06808739142303338,1.1137673112157737e-10,complex_QR_minimum_norm_gradient_flow_limit,0.1753320959978737,1000,2,2.1114508801533844,0.6787000000000001,10000,0.9560696636781676,7.97784377398303e-27,0.0,1000,4.563144972961254e-27,1025
88.95791126954492,4.263650947969411e-27,2.7702198057339286e-13,0.08629588260444505,8.793838145010517e-11,complex_QR_minimum_norm_gradient_flow_limit,0.17747998399136122,1000,2,1.0240181671556874,0.5821000000000001,10000,0.46002403777840495,4.263650947969411e-27,0.0,1000,2.7914199174824748e-27,1050
64.90097147048425,2.4128265789124776e-27,1.989876485530282e-13,0.12392094347826875,6.273223927934099e-11,complex_QR_minimum_norm_gradient_flow_limit,0.1866719229874434,1000,2,0.5521128896619442,0.48610000000000003,10000,0.22720124785050053,2.4128265789124776e-27,0.0,1000,1.0699645735809222e-27,1100
48.455861753325436,1.4004690151543046e-27,1.9003233837937376e-13,0.1586055727253546,3.4580790499938846e-11,complex_QR_minimum_norm_gradient_flow_limit,0.20572407598956488,1000,2,0.3070690121658918,0.39890000000000003,10000,0.10585636395727169,1.4004690151543046e-27,0.0,1000,4.399515842248095e-28,1200
42.497277420628706,7.140381178398123e-28,1.031580617305876e-13,0.18209946923633122,5.421024285329205e-11,complex_QR_minimum_norm_gradient_flow_limit,0.22358252901176456,1000,2,0.23412422810356148,0.3682,10000,0.068303942614453,7.140381178398123e-28,0.0,1000,3.48162352722802e-28,1300
38.83031077612299,8.403008853803703e-28,9.12462849256639e-14,0.20197554076881924,4.8204908192380104e-11,complex_QR_minimum_norm_gradient_flow_limit,0.23604136498761363,1000,2,0.1978333583082227,0.3504,10000,0.04833912360140827,8.403008853803703e-28,0.0,1000,3.524580250893978e-28,1400
36.570802240604436,5.466441167987922e-28,6.713242399561959e-14,0.21165440104969227,2.91556039933518e-11,complex_QR_minimum_norm_gradient_flow_limit,0.2537913489941275,1000,2,0.17307899069098015,0.3413,10000,0.03712913186167023,5.466441167987922e-28,0.0,1000,1.9484169500834173e-28,1500
34.185686062342825,6.409777633834995e-28,5.960202088504709e-14,0.22099099206213232,3.028705353492522e-11,complex_QR_minimum_norm_gradient_flow_limit,0.296391178999329,1000,2,0.1476509618707898,0.3302,10000,0.023875630030544367,6.409777633834995e-28,0.0,1000,3.6366713243156884e-28,1750
33.51026059705398,5.4969485118983355e-28,6.657821513260506e-14,0.22550693218860793,3.6421846429625036e-11,complex_QR_minimum_norm_gradient_flow_limit,0.33985085198946763,1000,2,0.13532273635904432,0.3209,10000,0.017347542476277258,5.4969485118983355e-28,0.0,1000,2.66757353156535e-28,2000
